SYMBOL,NAME OF COMPANY, SERIES, DATE OF LISTING, PAID UP VALUE, MARKET LOT, ISIN NUMBER, FACE VALUE
3IINFOTECH,3i Infotech Limited,EQ,22-APR-2005,10,1,INE748C01020,10
3MINDIA,3M India Limited,EQ,13-AUG-2004,10,1,INE470A01017,10
AARTIDRUGS,Aarti Drugs Ltd.,EQ,19-SEP-2003,10,1,INE767A01016,10
AARTIIND,Aarti Industries Ltd.,EQ,08-FEB-1995,5,1,INE769A01020,5
AARVEEDEN,Aarvee Denims & Exports Limited,EQ,21-NOV-2006,10,1,INE273D01019,10
ABAN,Aban Offshore Ltd.,EQ,29-MAR-1995,2,1,INE421A01028,2
ABB,ABB Limited,EQ,08-FEB-1995,2,1,INE117A01022,2
ABGSHIP,ABG Shipyard Limited,EQ,11-APR-2007,10,1,INE067H01016,10
ABIRLANUVO,Aditya Birla Nuvo Limited,EQ,13-SEP-1995,10,1,INE069A01017,10
ABSHEKINDS,Abhishek Industries Limited,EQ,21-FEB-2001,10,1,INE064C01014,10
ACC,ACC Limited,EQ,20-NOV-1996,10,1,INE012A01025,10
ACE,Action Construction Equipment Limited,EQ,26-SEP-2006,10,1,INE731H01017,10
ADANIENT,Adani Enterprises Limited,EQ,04-JUN-1997,1,1,INE423A01024,1
ADHUNIK,Adhunik Metaliks Limited,EQ,05-APR-2006,10,1,INE400H01019,10
ADLABSFILM,Adlabs Films Limited,EQ,10-JAN-2001,5,1,INE540B01015,5
ADORWELD,Ador Welding Limited,EQ,10-MAY-1995,10,1,INE045A01017,10
ADSL,Allied Digital Services Limited,EQ,25-JUL-2007,10,1,INE102I01019,10
ADVANTA,Advanta India Limited,EQ,19-APR-2007,10,1,INE517H01010,10
AEGISCHEM,Aegis Logistics Limited,EQ,03-APR-1996,10,1,INE208C01017,10
AFL,Accel Frontline Limited,EQ,30-OCT-2006,10,1,INE020G01017,10
AFTEK,Aftek Limited,EQ,16-AUG-2000,2,1,INE796A01023,2
AGRODUTCH,Agro Dutch Industries Limited,EQ,27-SEP-2000,10,1,INE135B01014,10
AHMEDFORGE,Ahmednagar Forgings Ltd,EQ,23-AUG-1995,10,1,INE425A01011,10
AIAENG,AIA Engineering Limited,EQ,14-DEC-2005,10,1,INE212H01018,10
AIRDECCAN,Deccan Aviation Limited,EQ,12-JUN-2006,10,1,INE438H01019,10
AJANTPHARM,Ajanta Pharma Limited,EQ,29-MAY-2000,10,1,INE031B01015,10
AKRUTI,Akruti Nirman Limited,EQ,07-FEB-2007,10,1,INE703H01016,10
ALBK,Allahabad Bank,EQ,29-NOV-2002,10,1,INE428A01015,10
ALCHEM,Alchemist Ltd,EQ,31-JUL-2007,10,1,INE964B01033,10
ALEMBICLTD,Alembic Limited,EQ,22-SEP-1999,2,1,INE426A01027,2
ALFALAVAL,Alfa Laval India Ltd,EQ,08-FEB-1995,10,1,INE427A01017,10
ALLCARGO,Allcargo Global Logistics Limited,EQ,23-JUN-2006,10,1,INE418H01011,10
ALLSEC,Allsec Technologies Limited,EQ,09-MAY-2005,10,1,INE835G01018,10
ALOKTEXT,Alok Industries Limited,EQ,10-APR-1996,10,1,INE270A01011,10
ALPA,Alpa Laboratories Limited,EQ,06-AUG-2007,10,1,INE385I01010,10
ALPHAGEO,Alphageo (India) Limited,EQ,11-MAY-2007,10,1,INE137C01018,10
ALPSINDUS,Alps Industries Ltd.,EQ,24-APR-1996,10,1,INE093B01015,10
AMAR,Amar Remedies Limited,EQ,16-SEP-2005,10,1,INE787G01011,10
AMARAJABAT,Amara Raja Batteries Ltd,EQ,05-SEP-2003,2,1,INE885A01024,2
AMBICAAGAR,Ambica Agarbathies & Aroma industries Limited,EQ,29-JUN-2004,10,1,INE792B01012,10
AMBUJACEM,Ambuja Cements Ltd,EQ,18-FEB-1998,2,1,INE079A01024,2
AMDMET,AMD Metplast Limited,EQ,19-MAR-2007,10,1,INE005I01014,10
AML,Abhishek Mills Ltd,EQ,19-MAR-2007,10,1,INE004I01017,10
AMTEKAUTO,Amtek Auto Ltd,EQ,02-MAR-2005,2,1,INE130C01021,2
AMTEKINDIA,Amtek India Limited,EQ,27-JUN-2005,2,1,INE068D01021,2
ANANTRAJ,Anant Raj Industries Limited,EQ,27-SEP-2006,2,1,INE242C01016,2
ANDHRABANK,Andhra Bank,EQ,04-APR-2001,10,1,INE434A01013,10
ANDHRSUGAR,The Andhra Sugars Ltd,EQ,01-NOV-1995,10,1,INE715B01013,10
ANGAUTO,ANG Auto Limited,EQ,12-FEB-2007,10,1,INE017D01010,10
ANKURDRUGS,Ankur Drugs And Pharma Limited,EQ,22-MAY-2007,10,1,INE238D01012,10
ANSALHSG,Ansal Housing and Construction Limited,EQ,06-OCT-2006,10,1,INE880B01015,10
ANSALINFRA,Ansal Properties & Infrastructure Limited,EQ,27-JAN-2006,5,1,INE436A01026,5
APARINDS,Apar Industries Limited,EQ,12-JUL-2004,10,1,INE372A01015,10
APCOTEXIND,Apcotex Industries Limited,EQ,06-SEP-1995,10,1,INE116A01016,10
APIL,Alstom Projects India Limited,EQ,19-APR-2000,10,1,INE878A01011,10
APOLLOHOSP,Apollo Hospitals Enterprise Ltd,EQ,10-JAN-1996,10,1,INE437A01016,10
APOLLOTYRE,Apollo Tyres Ltd,EQ,31-MAY-1995,1,1,INE438A01022,1
APPAPER,The Andhra Pradesh Paper Mills Limited,EQ,13-MAY-2004,10,1,INE435A01028,10
APTECHT,Aptech Limited,EQ,27-SEP-2002,10,1,INE266F01018,10
ARCHIES,Archies Limited,EQ,02-SEP-1998,10,1,INE731A01012,10
ARIHANT,Arihant Foundations & Housing Ltd,EQ,26-DEC-2006,10,1,INE413D01011,10
ARL,Arvind Remedies Limited,EQ,08-JAN-2003,1,1,INE211C01029,1
AROGRANITE,Aro Granite Industries Limited,EQ,24-APR-2007,10,1,INE210C01013,10
ARVINDMILL,Arvind Mills Ltd,EQ,08-FEB-1995,10,1,INE034A01011,10
ASAHIINDIA,Asahi India Glass Limited,EQ,18-MAR-1998,1,1,INE439A01020,1
ASAL,Automotive Stampings and Assemblies Limited,EQ,12-MAR-2002,10,1,INE900C01027,10
ASHAPURMIN,Ashapura Minechem Ltd,EQ,20-SEP-1995,2,1,INE348A01023,2
ASHIMASYN,Ashima Limited,EQ,27-JUL-1995,10,1,INE440A01010,10
ASHOKLEY,Ashok Leyland Ltd,EQ,25-MAY-1995,1,1,INE208A01029,1
ASIANELEC,Asian Electronics Ltd,EQ,13-SEP-1995,10,1,INE441A01018,10
ASIANHOTEL,Asian Hotels Ltd,EQ,07-FEB-2001,10,1,INE363A01014,10
ASIANPAINT,Asian Paints Limited,EQ,31-MAY-1995,10,1,INE021A01018,10
ASIANTILES,Asian Granito India Limited,EQ,23-AUG-2007,10,1,INE022I01019,10
ASIL,Amit Spinning Industries Limited,EQ,17-OCT-2005,5,1,INE988A01026,5
ASTRAL,Astral Poly Technik Limited,EQ,20-MAR-2007,10,1,INE006I01012,10
ASTRAMICRO,Astra Microwave Products Limited,EQ,01-NOV-2004,2,1,INE386C01029,2
ASTRAZEN,AstraZeneca Pharma India Limited,EQ,04-MAY-2001,2,1,INE203A01020,2
ATFL,Agro Tech Foods Limited,EQ,06-DEC-2002,10,1,INE209A01019,10
ATLANTA,Atlanta  Limited,EQ,25-SEP-2006,10,1,INE285H01014,10
ATLASCYCLE,Atlas Cycles (Haryana) Ltd,EQ,23-OCT-1996,10,1,INE446A01017,10
ATUL,Atul Ltd.,EQ,06-MAY-1998,10,1,INE100A01010,10
AURIONPRO,Aurionpro Solutions Limited,EQ,25-OCT-2005,10,1,INE132H01018,10
AUROPHARMA,Aurobindo Pharma Ltd,EQ,19-JUL-2000,5,1,INE406A01029,5
AUTOAXLES,Automative Axles Ltd,EQ,29-MAY-2003,10,1,INE449A01011,10
AUTOIND,Autoline Industries Limited,EQ,31-JAN-2007,10,1,INE718H01014,10
AVAYAGCL,Avaya GlobalConnect Limited,EQ,22-JUL-2003,10,1,INE676A01019,10
AVENTIS,Aventis Pharma Limited,EQ,19-MAY-2003,10,1,INE058A01010,10
AVTNPL,AVT Natural Products Limited,EQ,10-JAN-2007,10,1,INE488D01013,10
AXISBANK,Axis Bank Limited,EQ,16-NOV-1998,10,1,INE238A01026,10
AZTECSOFT,Aztecsoft Limited,EQ,29-NOV-2000,3,1,INE651B01010,3
BAGFILMS,B.A.G Films and Media Limited,EQ,17-OCT-2003,2,1,INE116D01028,2
BAJAJAUTO,Bajaj Auto Ltd,EQ,15-MAR-1995,10,1,INE118A01012,10
BAJAJHIND,Bajaj Hindusthan Ltd,EQ,10-MAY-1995,1,1,INE306A01021,1
BAJAUTOFIN,Bajaj Auto Finance Ltd,EQ,01-APR-2003,10,1,INE296A01016,10
BALAJITELE,Balaji Telefilms Ltd.,EQ,22-NOV-2000,2,1,INE794B01026,2
BALAMINES,Balaji Amines Limited,EQ,05-APR-2007,10,1,INE050E01019,10
BALKRISIND,Balkrishna Industries Limited,EQ,27-JAN-2006,10,1,INE787D01018,10
BALMLAWRIE,Balmer Lawrie & Co. Ltd,EQ,06-JUL-1995,10,1,INE164A01016,10
BALPHARMA,Bal Pharma Limited,EQ,08-MAY-2006,10,1,INE083D01012,10
BALRAMCHIN,Balrampur Chini Mills Ltd,EQ,08-FEB-1995,1,1,INE119A01028,1
BANARISUG,Bannari Amman Sugars Ltd,EQ,28-MAY-2003,10,1,INE459A01010,10
BANCOINDIA,Banco Products (I) Ltd,EQ,22-DEC-2006,10,1,INE213C01017,10
BANKBARODA,Bank of Baroda,EQ,19-FEB-1997,10,1,INE028A01013,10
BANKBEES,Benchmark Asset Management Company Pvt. Ltd.,EQ,04-JUN-2004,10,1,INF732E01078,10
BANKINDIA,Bank of India,EQ,30-APR-1997,10,1,INE084A01016,10
BANKRAJAS,The Bank of Rajasthan Ltd,EQ,18-NOV-2005,10,1,INE320A01014,10
BANSWRAS,Banswara Syntex Limited,EQ,11-APR-2007,10,1,INE629D01012,10
BARTRONICS,Bartronics India Limited,EQ,12-JAN-2006,10,1,INE855F01034,10
BASF,BASF India Ltd,EQ,17-MAY-1995,10,1,INE373A01013,10
BASML,Bannari Amman Spinning Mills Limited,EQ,14-NOV-2005,10,1,INE186H01014,10
BATAINDIA,Bata India Ltd,EQ,18-JUN-2003,10,1,INE176A01010,10
BATLIBOI,Batliboi Limited,EQ,20-DEC-2006,5,1,INE177C01022,5
BBL,Bharat Bijlee Ltd.,EQ,21-NOV-2006,10,1,INE464A01028,10
BBTC,Bombay Burmah Trading Corp. Ltd,EQ,03-APR-1996,10,1,INE050A01017,10
BCCL,Bihar Caustics and Chemicals Ltd,EQ,05-DEC-2005,10,1,INE605B01016,10
BEL,Bharat Electronics Ltd,EQ,19-JUL-2000,10,1,INE263A01016,10
BELCERAMIC,Bell Ceramics Ltd,EQ,18-OCT-1995,10,1,INE403A01018,10
BEML,Bharat Earth Movers Ltd,EQ,05-NOV-2003,10,1,INE258A01016,10
BEPL,Bhansali Engineering Polymers Ltd,EQ,21-MAR-2005,1,1,INE922A01025,1
BERGEPAINT,Berger Paints (I) Ltd,EQ,24-NOV-1999,2,1,INE463A01020,2
BFUTILITIE,BF Utilities Limited,EQ,03-MAY-2007,5,1,INE243D01012,5
BHAGWATIHO,Bhagwati Banquets and Hotels Limited,EQ,17-MAY-2007,10,1,INE797H01018,10
BHAGYNAGAR,Bhagyanagar India Limited,EQ,10-MAY-1995,2,1,INE458B01028,2
BHARATFORG,Bharat Forge Co. Ltd,EQ,04-APR-2003,2,1,INE465A01025,2
BHARATGEAR,Bharat Gears Ltd,EQ,03-APR-1996,10,1,INE561C01019,10
BHARATRAS,Bharat Rasayan Ltd,EQ,11-OCT-1995,10,1,INE838B01013,10
BHARTIARTL,Bharti Airtel Limited,EQ,15-FEB-2002,10,1,INE397D01016,10
BHARTISHIP,Bharati Shipyard Limited,EQ,30-DEC-2004,10,1,INE673G01013,10
BHEL,Bharat Heavy Electricals Ltd,EQ,11-NOV-2003,10,1,INE257A01018,10
BHUSANSTL,Bhushan Steel Limited,EQ,21-NOV-2003,10,1,INE824B01013,10
BIL,Bhartiya International Limited,EQ,12-APR-2000,10,1,INE828A01016,10
BILPOWER,Bilpower  Limited,EQ,29-JAN-2007,10,1,INE952D01018,10
BILT,Ballarpur Industries Ltd,EQ,19-JUL-1995,10,1,INE294A01011,10
BINANICEM,Binani Cement Limited,EQ,28-MAY-2007,10,1,INE042H01019,10
BINANIIND,Binani Industries Limited,EQ,27-SEP-2006,10,1,INE071A01013,10
BINDALAGRO,Oswal Chemicals & Fertilizers Ltd.,EQ,28-AUG-1996,10,1,INE143A01010,10
BIOCON,Biocon Limited,EQ,07-APR-2004,5,1,INE376G01013,5
BIRLAERIC,Birla Ericsson Optical Ltd,EQ,06-DEC-1995,10,1,INE800A01015,10
BIRLAJUTE,Birla Corporation Ltd,EQ,12-APR-1995,10,1,INE340A01012,10
BIRLAPOWER,Birla Power Solutions Limited,EQ,06-JUN-2007,10,1,INE224B01016,10
BLBLIMITED,BLB Limited,EQ,31-MAY-2000,1,1,INE791A01024,1
BLKASHYAP,B. L. Kashyap and Sons Limited,EQ,17-MAR-2006,10,1,INE350H01016,10
BLUEBIRD,Blue Bird (India) Limited,EQ,11-DEC-2006,10,1,INE697H01010,10
BLUECHIP,Blue Chip India Ltd,EQ,12-MAR-1997,2,1,INE657B01025,2
BLUECOAST,Blue Coast Hotels and Resorts Limited,EQ,16-FEB-2000,10,1,INE472B01011,10
BLUEDART,Blue Dart Express Ltd,EQ,12-DEC-2002,10,1,INE233B01017,10
BLUESTARCO,Blue Star Limited,EQ,15-JUN-2000,2,1,INE472A01039,2
BLUESTINFO,Blue Star Infotech Limited,EQ,27-SEP-2000,10,1,INE504B01011,10
BOBELSS97,BOB Mutual Fund-ELSS 97,BT,31-DEC-2001,10,50,,10
BOC,BOC India Limited,EQ,16-JUN-1999,10,1,INE473A01011,10
BOMDYEING,Bombay Dyeing & Mfg Co. Ltd,EQ,26-APR-1995,10,1,INE032A01015,10
BONGAIREFN,Bongaigaon Refinery & Petrochemicals Ltd,EQ,20-AUG-2003,10,1,INE241A01012,10
BOSCHCHASY,Bosch Chassis Systems India Ltd.,EQ,03-JUN-2003,10,1,INE053B01019,10
BPCL,Bharat Petroleum Corpn. Ltd,EQ,13-SEP-1995,10,1,INE029A01011,10
BRFL,Bombay Rayon Fashions Limited,EQ,05-DEC-2005,10,1,INE589G01011,10
BRITANNIA,Britannia Industries Ltd,EQ,05-NOV-1998,10,1,INE216A01014,10
BROADCAST,Broadcast Initiatives Limited,EQ,07-MAR-2007,10,1,INE698H01018,10
BSCFAUG08A,Benchmark Mutual Fund,EQ,21-SEP-2005,100,1,INF732E01086,100
BSCFAUG08B,Benchmark Mutual Fund,EQ,21-SEP-2005,100,1,INF732E01094,100
BSELINFRA,BSEL Infrastructure Realty Limited,EQ,07-FEB-2001,10,1,INE395A01016,10
BSL,BSL Ltd,EQ,27-JUL-1995,10,1,INE594B01012,10
CADILAHC,Cadila Healthcare Limited,EQ,18-APR-2000,5,1,INE010B01019,5
CAIRN,Cairn India Limited,EQ,09-JAN-2007,10,1,INE910H01017,10
CALSOFT,California Software Company Limited,EQ,28-JUN-2000,10,1,INE526B01014,10
CAMBRIDGE,Cambridge Solutions Limited,EQ,09-MAR-2005,10,1,INE692G01013,10
CANBK,CANARA BANK,EQ,23-DEC-2002,10,1,INE476A01014,10
CANDC,C & C Constructions Limited,EQ,26-FEB-2007,10,1,INE874H01015,10
CANFINHOME,Can Fin Homes Ltd,EQ,10-MAY-1995,10,1,INE477A01012,10
CARBORUNIV,Carborundum Universal Ltd,EQ,03-APR-1996,2,1,INE120A01026,2
CAROLINFO,Carol Info Services Limited,EQ,12-JAN-2000,10,1,INE198A01014,10
CASTROL,Castrol India Ltd,EQ,16-AUG-2007,10,1,INE172A01019,10
CCL,CCL Products (India) Limited,EQ,07-JUN-2004,10,1,INE421D01014,10
CEAT,Ceat Ltd,EQ,08-FEB-1995,10,1,INE482A01012,10
CELEBRITY,Celebrity Fashions Limited,EQ,12-JAN-2006,10,1,INE185H01016,10
CELESTIAL,Celestial Labs Limited,EQ,17-JUL-2007,10,1,INE221I01017,10
CENTBOP,Centurion Bank of Punjab Limited,EQ,04-MAR-2004,1,1,INE484A01026,1
CENTENKA,Century Enka Ltd,EQ,10-MAY-1995,10,1,INE485A01015,10
CENTEXT,Century Extrusions Limited,EQ,20-JUL-2004,1,1,INE281A01026,1
CENTRALBK,Central Bank of India,EQ,21-AUG-2007,10,1,INE483A01010,10
CENTUM,Solectron Centum Electronics Limited,EQ,05-OCT-2007,10,1,INE320B01020,10
CENTURYPLY,Century Plyboards (India) Limited,EQ,23-MAR-2006,10,1,INE348B01013,10
CENTURYTEX,Century Textiles & Industries Ltd,EQ,27-JUN-2003,10,1,INE055A01016,10
CESC,CESC Ltd.,EQ,08-FEB-1995,10,1,INE486A01013,10
CHAMBLFERT,Chambal Fertilizers & Chemicals Ltd,EQ,14-JUN-1995,10,1,INE085A01013,10
CHEMFALKAL,CHEMFAB ALKALIS LIMITED,EQ,18-MAY-2006,5,1,INE479E01028,5
CHEMPLAST,Chemplast Sanmar Ltd.,EQ,08-FEB-1995,1,1,INE488A01027,1
CHENNPETRO,Chennai Petroleum Corporation Limited,EQ,07-JUN-2000,10,1,INE178A01016,10
CHESLINTEX,Cheslind Textiles Ltd,EQ,27-JUL-1995,10,1,INE217C01018,10
CHETTINAD,Chettinad Cement Corporation Ltd,EQ,17-MAY-2007,10,1,INE132B01011,10
CHOLADBS,Cholamandalam DBS Finance Limited,EQ,15-MAY-1996,10,1,INE121A01016,10
CIMCOBIRLA,Cimmco Birla Ltd,EQ,28-JAN-1998,10,1,INE184C01010,10
CINEMAX,Cinemax India Limited,EQ,14-FEB-2007,10,1,INE704H01014,10
CINEVISTA,Cinevistaas Limited,EQ,02-MAY-2000,10,1,INE039B01018,10
CIPLA,Cipla Ltd.,EQ,08-FEB-1995,2,1,INE059A01026,2
CLASSIC,Classic Diamonds (India) Limited,EQ,05-MAY-2004,10,1,INE987C01016,10
CLNINDIA,Clariant Chemicals (India) Limited,EQ,14-JUN-1995,10,1,INE492A01029,10
CLUTCHAUTO,Clutch Auto Limited,EQ,23-JAN-2007,10,1,INE779B01019,10
CMC,CMC Ltd,EQ,09-JUN-1999,10,1,INE314A01017,10
COLGATE,Colgate Palmolive India Ltd,EQ,31-JUL-2003,10,1,INE259A01014,10
COMPUTECH,Computech International Ltd.,EQ,08-DEC-1999,5,1,INE751A01028,5
COMSYS,Compulink Systems Limited,EQ,28-DEC-2005,10,1,INE206H01010,10
CONCOR,Container Corporation of India Limited,EQ,07-MAY-1997,10,1,INE111A01017,10
CONSOFINVT,Consolidated Finvest & Holdings Limited,EQ,29-MAR-2005,10,1,INE025A01027,10
COREEMBLG,Core Emballage Ltd.,EQ,17-APR-1996,10,1,INE218C01016,10
COREPROTEC,Core Projects and Technologies Limited,EQ,25-MAY-2007,2,1,INE247G01024,2
COROMNFERT,Coromandel Fertilisers Ltd.,EQ,31-MAY-1995,2,1,INE169A01023,2
CORPBANK,Corporation Bank,EQ,01-DEC-1997,10,1,INE112A01015,10
COSMOFILMS,Cosmo Films Ltd,EQ,25-MAY-1995,10,1,INE757A01017,10
CRANESSOFT,Cranes Software International Limited,EQ,27-OCT-2004,2,1,INE234B01023,2
CRESTANI,Crest Animation Studios Limited,EQ,31-AUG-2001,10,1,INE774A01012,10
CREWBOS,Crew B.O.S. Products Limited,EQ,24-SEP-2004,10,1,INE514G01019,10
CRISIL,CRISIL Limited,EQ,28-JUN-1995,10,1,INE007A01017,10
CROMPGREAV,Crompton  Greaves Ltd,EQ,01-MAR-1995,2,1,INE067A01029,2
CTE,Cambridge Technology Enterprises Limited,EQ,07-FEB-2007,10,1,INE627H01017,10
CUB,City Union Bank Ltd.,EQ,25-AUG-1998,10,1,INE491A01013,10
CUMMINSIND,Cummins India Ltd.,EQ,29-MAR-1995,2,1,INE298A01020,2
CYBERMEDIA,Cyber Media (India) Limited,EQ,10-JUN-2005,10,1,INE278G01037,10
CYBERTECH,Cybertech Systems And Software Ltd.,EQ,27-JAN-1999,10,1,INE214A01019,10
D-LINK,D-Link (India) Limited,EQ,11-APR-2001,2,1,INE178C01020,2
DAAWAT,L. T. Overseas Limited,EQ,18-DEC-2006,10,1,INE818H01012,10
DABUR,Dabur India Ltd,EQ,28-APR-1999,1,1,INE016A01026,1
DABURPHARM,Dabur Pharma Limited,EQ,30-SEP-2004,1,1,INE575G01010,1
DALMIACEM,Dalmia Cement (Bharat) Ltd,EQ,17-JAN-1996,2,1,INE495A01022,2
DATATECH,Datamatics Technologies Limited,EQ,07-MAY-2004,5,1,INE365B01017,5
DCB,Development Credit Bank Limited,EQ,27-OCT-2006,10,1,INE503A01015,10
DCHL,Deccan Chronicle Holdings Ltd.,EQ,22-DEC-2004,2,1,INE137G01027,2
DCM,DCM  Ltd,EQ,29-MAR-1995,10,1,INE498A01018,10
DCMSRMCONS,DCM Shriram Consolidated Ltd,EQ,12-APR-1995,2,1,INE499A01024,2
DCW,DCW Ltd,EQ,25-MAY-1995,2,1,INE500A01029,2
DECCANCE,Deccan Cements Ltd,EQ,02-AUG-2007,10,1,INE583C01013,10
DECOLIGHT,Decolight Ceramics Limited,EQ,19-JUN-2007,10,1,INE172I01012,10
DEEPAKFERT,Deepak Fertilizers and Petrochemicals Corporation Limited,EQ,17-JAN-2003,10,1,INE501A01019,10
DENABANK,Dena Bank,EQ,15-JAN-1997,10,1,INE077A01010,10
DENORA,De Nora India Limited,EQ,07-AUG-1997,10,1,INE244A01016,10
DEWANHOUS,Dewan Housing Finance Corporation Ltd,EQ,01-OCT-2002,10,1,INE202B01012,10
DHAMPURSUG,The Dhampur Sugar Mills Ltd,EQ,29-MAR-1995,10,1,INE041A01016,10
DHARSUGAR,Dharani Sugars & Chemicals Ltd,EQ,22-MAY-1996,10,1,INE988C01014,10
DICIND,DIC India Limited,EQ,30-AUG-1995,10,1,INE303A01010,10
DISHMAN,Dishman Pharmaceuticals and Chemicals Limited,EQ,22-APR-2004,2,1,INE353G01020,2
DISHTV,Dish TV India Limited,EQ,18-APR-2007,1,1,INE836F01026,1
DIVISLAB,Divi's Laboratories Limited,EQ,12-MAR-2003,2,1,INE361B01024,2
DLF,DLF Limited,EQ,05-JUL-2007,2,1,INE271C01023,2
DOLPHINOFF,Dolphin Offshore Enterprises (India) Limited,EQ,06-OCT-2006,10,1,INE920A01011,10
DONEAR,Donear Industries Limited,EQ,20-DEC-2006,2,1,INE668D01028,2
DREDGECORP,Dredging Corporation of India Limited,EQ,15-JAN-2004,10,1,INE506A01018,10
DRREDDY,Dr. Reddy's Laboratories Ltd.,EQ,30-MAY-2003,5,1,INE089A01023,5
DSKULKARNI,DS Kulkarni Developers Ltd.,EQ,08-FEB-1995,10,1,INE891A01014,10
DWARKESH,Dwarikesh Sugar Industries Limited,EQ,31-DEC-2004,10,1,INE366A01033,10
DYNAMATECH,Dynamatic Technologies Ltd.,EQ,14-SEP-2006,10,1,INE221B01012,10
EASTSILK,Eastern Silk Industries Limited,EQ,03-JUL-1996,10,1,INE962C01019,10
EASUNREYRL,Easun Reyrolle Ltd,EQ,23-JUL-1997,2,1,INE268C01029,2
ECEIND,ECE Industries Limited,EQ,24-SEP-2007,10,1,INE588B01014,10
EDUCOMP,Educomp Solutions Limited,EQ,13-JAN-2006,10,1,INE216H01019,10
EICHERMOT,Eicher Motors Ltd,EQ,07-SEP-2004,10,1,INE066A01013,10
EIDPARRY,EID Parry India Ltd.,EQ,10-MAY-1995,2,1,INE126A01023,2
EIHOTEL,EIH Limited,EQ,08-FEB-1995,2,1,INE230A01023,2
EIMCOELECO,Eimco Elecon (India) Ltd.,EQ,17-APR-1996,10,1,INE158B01016,10
EKC,Everest Kanto Cylinder Limited,EQ,15-DEC-2005,2,1,INE184H01027,2
ELDERPHARM,Elder Pharmaceuticals Limited,EQ,19-APR-2000,10,1,INE975A01015,10
ELECON,Elecon Engineering Co Ltd,EQ,29-SEP-2006,2,1,INE205B01023,2
ELECTCAST,Electrosteel Castings Ltd,EQ,20-JUN-2003,1,1,INE086A01029,1
ELECTHERM,Electrotherm (India) Ltd.,EQ,20-AUG-2007,10,1,INE822G01016,10
ELGIEQUIP,Elgi Equipments Ltd,EQ,22-NOV-1995,1,1,INE285A01027,1
ELGITYRE,Elgitread (India) Ltd,EQ,29-JAN-1997,1,1,INE257B01024,1
EMAMILTD,Emami Limited,EQ,03-AUG-2006,2,1,INE548C01024,2
EMCO,Emco Limited,EQ,15-DEC-2005,10,1,INE078A01018,10
EMERCK,E.Merck (India) Ltd,EQ,24-APR-1996,10,1,INE199A01012,10
EMKAY,Emkay Share and Stock Brokers Limited,EQ,28-APR-2006,10,1,INE296H01011,10
ENGINERSIN,Engineers India Limited,EQ,20-AUG-1997,10,1,INE510A01010,10
ENIL,Entertainment Network (India) Limited,EQ,15-FEB-2006,10,1,INE265F01028,10
ENKEI,Enkei Castalloy Limited,EQ,29-SEP-2006,5,1,INE062D01024,5
ENNOREFO,Ennore Foundries Limited,EQ,26-SEP-2006,10,1,INE291F01016,10
ENTEGRA,Entegra Limited,EQ,22-OCT-2001,10,1,INE826A01028,10
ERACONS,Era Constructions (India) Limited,EQ,29-MAR-2006,10,1,INE039E01012,10
ESABINDIA,Esab India Ltd,EQ,01-NOV-1995,10,1,INE284A01012,10
ESCORTS,Escorts Ltd,EQ,01-MAR-1995,10,1,INE042A01014,10
ESSAROIL,Essar Oil Limited,EQ,02-AUG-1995,10,1,INE011A01019,10
ESSDEE,Ess Dee Aluminium Limited,EQ,28-DEC-2006,10,1,INE825H01017,10
ESSELPACK,Essel Propack Ltd.,EQ,11-FEB-2002,2,1,INE255A01020,2
ESTL,Essar Steel Limited,EQ,13-JUN-2005,10,1,INE127A01021,10
EUROCERA,Euro Ceramics Limited,EQ,09-MAR-2007,10,1,INE649H01011,10
EUROTEXIND,Eurotex Industries and Exports Ltd,EQ,31-JAN-1996,10,1,INE022C01012,10
EVEREADY,Eveready Industries India Limited,EQ,27-APR-2005,5,1,INE128A01029,5
EVERESTIND,Everest Industries Limited,EQ,29-MAR-1995,10,1,INE295A01018,10
EVERONN,Everonn Systems India Limited,EQ,01-AUG-2007,10,1,INE678H01010,10
EVINIX,Evinix Accessories Limited,EQ,07-MAR-2007,10,1,INE961H01010,10
EXCELCROP,Excel Crop Care Limited,EQ,16-JUN-2004,5,1,INE223G01017,5
EXCELINDUS,Excel Industries Limited,EQ,16-JUN-2004,5,1,INE369A01029,5
EXIDEIND,Exide Industries Ltd.,EQ,17-JUN-2003,1,1,INE302A01020,1
FACT,Fertilizers and Chemicals Travancore Ltd.,EQ,12-APR-1995,10,1,INE188A01015,10
FAGBEARING,FAG Bearings India Limited,EQ,29-NOV-2000,10,1,INE513A01014,10
FCSSOFT,FCS Software Solutions Limited,EQ,21-SEP-2005,10,1,INE512B01014,10
FDC,FDC Ltd.,EQ,07-AUG-1997,1,1,INE258B01022,1
FEDDERLOYD,Fedders Lloyd Corporation Ltd,EQ,15-SEP-2005,10,1,INE249C01011,10
FEDERALBNK,The Federal Bank  Ltd,EQ,08-FEB-1995,10,1,INE171A01011,10
FIEMIND,Fiem Industries Limited,EQ,19-OCT-2006,10,1,INE737H01014,10
FINANTECH,Financial Technologies (India) Limited,EQ,20-JUN-2005,2,1,INE111B01023,2
FINCABLES,Finolex Cables Ltd.,EQ,15-FEB-1995,2,1,INE235A01022,2
FINPIPE,Finolex Industries Ltd.,EQ,08-FEB-1995,10,1,INE183A01016,10
FIRSTLEASE,First Leasing Company of India Ltd,EQ,19-JUL-2000,10,1,INE492B01019,10
FMGOETZE,Federal-Mogul Goetze (India) Limited.,EQ,08-FEB-1995,10,1,INE529A01010,10
FORTIS,Fortis Healthcare Limited,EQ,09-MAY-2007,10,1,INE061F01013,10
FOSECOIND,Foseco India Ltd,EQ,05-MAY-2003,10,1,INE519A01011,10
FOURSOFT,Four Soft Limited,EQ,12-MAR-2004,5,1,INE218G01017,5
FSL,Firstsource Solutions Limited,EQ,22-FEB-2007,10,1,INE684F01012,10
FTCPOF3YDV,Franklin Templeton Capital Protection Oriented Fund,EQ,25-JUN-2007,10,1,INF090I01064,10
FTCPOF3YGR,Franklin Templeton Capital Protection Oriented Fund,EQ,25-JUN-2007,10,1,INF090I01056,10
FTCPOF5YDV,Franklin Templeton Capital Protection Oriented Fund,EQ,25-JUN-2007,10,1,INF090I01080,10
FTCPOF5YGR,Franklin Templeton Capital Protection Oriented Fund,EQ,25-JUN-2007,10,1,INF090I01072,10
FTCSF3YDIV,Franklin Templeton Mutual Fund-Capital Safety Fund-3Y(Divdend Option),EQ,28-MAY-2007,10,1,INF090I01023,10
FTCSF3YGRO,Franklin Templeton Mutual Fund-Capital Saftey Fund 3Y (Growth Option),EQ,28-MAY-2007,10,1,INF090I01015,10
FTCSF5YDIV,Franklin Templeton Mutual Fund-Capital Safety Fund-5Y Dividend Option,EQ,28-MAY-2007,10,1,INF090I01049,10
FTCSF5YGRO,Franklin Templeton Mutual Fund-Capital Safety Fund-5Y (Growth Option),EQ,28-MAY-2007,10,1,INF090I01031,10
GABRIEL,Gabriel India Ltd,EQ,20-APR-2005,1,1,INE524A01029,1
GAEL,Gujarat Ambuja Exports Limited,EQ,11-OCT-2000,2,1,INE036B01022,2
GAIL,GAIL (India) Limited,EQ,02-APR-1997,10,1,INE129A01019,10
GALLANTT,Gallantt Metal Limited,EQ,04-APR-2006,10,1,INE297H01019,10
GAMMONIND,Gammon India Ltd.,EQ,16-OCT-1996,2,1,INE259B01020,2
GANDHITUBE,Gandhi Special Tubes Limited,EQ,31-JAN-2007,10,1,INE524B01019,10
GANESHHOUC,GANESH HOUSING CORPORATION LTD.,EQ,02-MAR-2007,10,1,INE460C01014,10
GANGOTRI,Gangotri Textiles Limited,EQ,07-APR-2006,5,1,INE670B01028,5
GARDENSILK,Garden Silk Mills Ltd.,EQ,01-APR-2003,10,1,INE526A01016,10
GARWALLROP,Garware  Wall Ropes Ltd.,EQ,03-APR-2007,10,1,INE276A01018,10
GARWOFFS,Garware Offshore Services Limited,EQ,03-MAY-2007,10,1,INE446C01013,10
GATI,GATI LIMITED,EQ,10-OCT-2006,2,1,INE152B01027,2
GBN,Global Broadcast News Limited,EQ,08-FEB-2007,10,1,INE886H01019,10
GDL,Gateway Distriparks Limited,EQ,31-MAR-2005,10,1,INE852F01015,10
GEMINI,Gemini Communication Limited,EQ,18-JAN-2007,5,1,INE878C01025,5
GENESYS,Genesys International Corporation Limited,EQ,23-JAN-2003,10,1,INE727B01018,10
GENUSOVERE,Genus Overseas Electronics Limited,EQ,08-JUL-2005,10,1,INE955D01011,10
GEOINFO,Geodesic Information Systems Limited,EQ,07-JUL-2004,2,1,INE371D01029,2
GEOJIT,Geojit Financial Services Limited,EQ,01-JUL-2005,1,1,INE007B01023,1
GEOMETRIC,Geometric Software Solutions Co. Limited,EQ,15-MAR-2000,2,1,INE797A01021,2
GESCOCORP,Mahindra Gesco Developers Limited,EQ,10-MAY-2000,10,1,INE813A01018,10
GESHIP,The Great Eastern Shipping Co. Limited,EQ,27-NOV-2006,10,1,INE017A01032,10
GHCL,GHCL Limited,EQ,31-JUL-2003,10,1,INE539A01019,10
GICHSGFIN,GIC Housing Finance Ltd,EQ,08-MAY-1996,10,1,INE289B01019,10
GILLETTE,Gillette India Limited,EQ,30-JUL-2003,10,1,INE322A01010,10
GINNIFILA,Ginni Filaments Ltd,EQ,10-MAY-1995,10,1,INE424C01010,10
GIPCL,Gujarat Industries Power Co. Ltd,EQ,08-FEB-1995,10,1,INE162A01010,10
GITANJALI,Gitanjali Gems Limited,EQ,10-MAR-2006,10,1,INE346H01014,10
GLAXO,GlaxoSmithKline Pharmaceuticals Limited,EQ,15-DEC-2000,10,1,INE159A01016,10
GLENMARK,Glenmark Pharmaceuticals Ltd.,EQ,07-FEB-2000,1,1,INE935A01035,1
GLOBALVECT,Global Vectra Helicorp Limited,EQ,27-OCT-2006,10,1,INE792H01019,10
GLORY,Glory Polyfilms Limited,EQ,18-JUN-2007,10,1,INE408H01012,10
GMBREW,GM Breweries Ltd.,EQ,23-AUG-1995,10,1,INE075D01018,10
GMDCLTD,Gujarat Mineral Development Corporation Limited,EQ,17-DEC-1997,10,1,INE131A01023,10
GMRINDS,GMR Industries Limited,EQ,24-SEP-2007,10,1,INE353B01021,10
GMRINFRA,GMR Infrastructure Limited,EQ,21-AUG-2006,2,1,INE776C01021,2
GNFC,Gujarat Narmada Valley Fertilizer Co. Ltd.,EQ,17-MAY-1995,10,1,INE113A01013,10
GOACARBON,Goa Carbon Ltd,EQ,05-JUN-2007,10,1,INE426D01013,10
GODAVRFERT,Godavari Fertilisers And Chemicals Ltd.,EQ,01-APR-2003,10,1,INE507C01012,10
GODFRYPHLP,Godfrey Phillips India Ltd,EQ,24-JUL-1996,10,1,INE260B01010,10
GODREJCP,Godrej Consumer Products Limited,EQ,20-JUN-2001,1,1,INE102D01028,1
GODREJIND,Godrej Industries Ltd.,EQ,25-FEB-2003,1,1,INE233A01035,1
GOKEX,Gokaldas Exports Limited,EQ,27-APR-2005,5,1,INE887G01027,5
GOLDBEES,Benchmark Mutual Fund - Gold Benchmark Exchange Traded Scheme,EQ,19-MAR-2007,100,1,INF732E01102,100
GOLDIAM,Goldiam International Limited,EQ,29-AUG-2005,10,1,INE025B01017,10
GOLDSHARE,UTI Mutual Fund - UTI Gold Exchange Traded Fund,EQ,17-APR-2007,100,1,INF789F01059,100
GOLDTECH,Goldstone Technologies Ltd.,EQ,11-APR-2001,10,1,INE805A01014,10
GOLDTELE,Goldstone Teleservices Ltd.,EQ,20-MAR-2002,4,1,INE260D01016,4
GPIL,Godawari Power And Ispat limited,EQ,25-APR-2006,10,1,INE177H01013,10
GRANULES,Granules India Limited,EQ,20-JUN-2005,10,1,INE101D01012,10
GRAPHITE,Graphite India Limited,EQ,07-FEB-2003,2,1,INE371A01025,2
GRASIM,Grasim Industries Ltd.,EQ,10-MAY-1995,10,1,INE047A01013,10
GREAVESCOT,Greaves Cotton Limited,EQ,09-SEP-2004,10,1,INE224A01018,10
GREENPLY,Greenply Industries Ltd,EQ,06-MAR-1996,5,1,INE461C01020,5
GRINDWELL,Grindwell Norton Limited,EQ,11-SEP-2006,5,1,INE536A01023,5
GRUH,Gruh Finance Limited,EQ,10-SEP-2004,10,1,INE580B01011,10
GSFC,Gujarat State Fertilizers & Chemicals Ltd.,EQ,06-SEP-1995,10,1,INE026A01017,10
GSKCONS,GlaxoSmithKline Consumer Healthcare Limited,EQ,16-JUN-2003,10,1,INE264A01014,10
GSPL,Gujarat State Petronet Limited,EQ,16-FEB-2006,10,1,INE246F01010,10
GTCIND,GTC Industries Ltd,EQ,08-FEB-1995,10,1,INE973A01010,10
GTL,GTL Limited,EQ,29-MAR-1995,10,1,INE043A01012,10
GTLINFRA,GTL Infrastructure Limited,EQ,09-NOV-2006,10,1,INE221H01019,10
GTNIND,GTN Industries Limited,EQ,02-AUG-1995,10,1,INE537A01013,10
GTNTEX,GTN Textiles Limited,EQ,18-MAY-2006,10,1,INE302H01017,10
GTOFFSHORE,Great Offshore Limited,EQ,21-DEC-2006,10,1,INE892H01017,10
GUJALKALI,Gujarat  Alkalies and Chemicals Ltd.,EQ,07-AUG-1997,10,1,INE186A01019,10
GUJAPOLLO,Gujarat Apollo Industries Limited,EQ,04-JUN-2007,10,1,INE826C01016,10
GUJFLUORO,Gujarat Fluorochemicals Ltd,EQ,25-MAY-1995,2,1,INE538A01029,2
GUJNRECOKE,Gujarat NRE Coke Ltd.,EQ,02-AUG-2004,10,1,INE110D01013,10
GUJRATGAS,Gujarat Gas Co. Ltd,EQ,01-APR-2003,2,1,INE374A01029,2
GUJSIDHCEM,Gujarat Sidhee Cements Ltd,EQ,06-JUL-1995,10,1,INE542A01013,10
GUJSTATFIN,Gujarat State Financial Corporation,BT,02-MAY-1997,10,100,INE944A01011,10
GVKPIL,GVK Power & Infrastructure Limited,EQ,27-FEB-2006,10,1,INE251H01016,10
GWALCHEM,Gwalior Chemical Industries Limited,EQ,04-OCT-2006,10,1,INE916G01016,10
HANUNG,Hanung Toys and Textiles Limited,EQ,20-OCT-2006,10,1,INE648H01013,10
HARRMALAYA,Harrisons  Malayalam Ltd,EQ,08-FEB-1995,10,1,INE544A01019,10
HAVELLS,Havells India Limited,EQ,21-MAR-2001,5,1,INE176B01026,5
HBLPOWER,HBL Power Systems Limited,EQ,04-JAN-2007,10,1,INE292B01013,10
HBSTOCK,HB Stockholdings Limited,EQ,15-OCT-1997,10,1,INE550B01014,10
HCC,Hindustan Construction Co. Ltd,EQ,01-APR-2003,1,1,INE549A01026,1
HCIL,Himadri Chemicals and Industries Ltd,EQ,02-MAR-2007,10,1,INE019C01018,10
HCL-INSYS,HCL Infosystems Ltd,EQ,01-JAN-1997,2,1,INE236A01020,2
HCLTECH,HCL Technologies Ltd,EQ,06-JAN-2000,2,1,INE860A01027,2
HDFC,Housing Development Finance Corporation Ltd.,EQ,23-OCT-1996,10,1,INE001A01028,10
HDFCBANK,HDFC Bank Ltd,EQ,08-NOV-1995,10,1,INE040A01018,10
HDIL,Housing Development and Infrastructure Limited,EQ,24-JUL-2007,10,1,INE191I01012,10
HEG,HEG Ltd,EQ,10-MAY-1995,10,1,INE545A01016,10
HELIOSMATH,Helios And Matheson Information Technology Limited,EQ,24-FEB-2005,10,1,INE674B01012,10
HERITGFOOD,Heritage Foods (India) Ltd.,EQ,27-NOV-1996,10,1,INE978A01019,10
HEROHONDA,Hero Honda Motors Ltd.,EQ,11-APR-2003,2,1,INE158A01026,2
HEXAWARE,Hexaware Technologies Limited,EQ,14-JUN-2002,2,1,INE093A01033,2
HIKAL,Hikal Limited,EQ,14-FEB-2001,10,1,INE475B01014,10
HILTON,Hilton Metal Forging Limited,EQ,24-MAY-2007,10,1,INE788H01017,10
HIMACHLFUT,Himachal Futuristic Communication Ltd,EQ,08-FEB-1995,10,1,INE548A01010,10
HIMATSEIDE,Himatsingka Seide Ltd,EQ,08-FEB-1995,5,1,INE049A01027,5
HINDALCO,Hindalco Industries Ltd.,EQ,08-JAN-1997,1,1,INE038A01020,1
HINDCOMPOS,Hindustan Composites Ltd,EQ,08-MAY-1996,10,1,INE310C01011,10
HINDDORROL,Hindustan Dorr-Oliver Ltd,EQ,06-DEC-1995,2,1,INE551A01022,2
HINDMOTOR,Hindustan Motors Ltd.,EQ,12-APR-1995,10,1,INE253A01017,10
HINDOILEXP,Hindustan Oil Exploration Co. Ltd,EQ,23-SEP-2003,10,1,INE345A01011,10
HINDPETRO,Hindustan Petroleum Corporation Ltd.,EQ,17-JUN-1998,10,1,INE094A01015,10
HINDSANIT,Hindustan Sanitary and Industries Ltd,EQ,31-MAY-2000,2,1,INE415A01038,2
HINDSYNTEX,Hind Syntex Ltd.,EQ,08-FEB-1995,10,1,INE155B01012,10
HINDUJATMT,Hinduja TMT Limited,EQ,24-APR-2007,10,1,INE353A01023,10
HINDUNILVR,Hindustan Unilever Limited,EQ,06-JUL-1995,1,1,INE030A01027,1
HINDZINC,Hindustan Zinc Ltd.,EQ,21-NOV-2006,10,1,INE267A01017,10
HIRECT,Hind Rectifiers Limited,EQ,26-DEC-2006,2,1,INE835D01023,2
HITACHIHOM,Hitachi Home and Life Solutions (India) Limited,EQ,03-JAN-2000,10,1,INE782A01015,10
HITECHGEAR,Hi-Tech Gears Ltd.,EQ,21-JAN-2002,10,100,INE127B01011,10
HMT,HMT Ltd.,EQ,29-AUG-2003,10,1,INE262A01018,10
HOCL,Hindustan Organic Chemicals Ltd,EQ,19-NOV-1997,10,1,INE048A01011,10
HONAUT,HONEYWELL AUTOMATION INDIA LIMITED,EQ,18-JUL-2003,10,1,INE671A01010,10
HONDAPOWER,Honda Siel Power Products Ltd.,EQ,01-APR-2003,10,1,INE634A01018,10
HOPFL,House of Pearl Fashions Limited,EQ,15-FEB-2007,10,1,INE940H01014,10
HOTELEELA,Hotel Leela Venture Ltd.,EQ,19-JUL-1995,2,1,INE102A01024,2
HTMEDIA,HT Media Limited,EQ,01-SEP-2005,2,1,INE501G01024,2
HTMTGLOBAL,HTMT Global Solutions Ltd.,EQ,19-JUN-2007,10,1,INE170I01016,10
HYDRBADIND,Hyderabad Industries Ltd,EQ,26-APR-1995,10,1,INE557A01011,10
I-FLEX,I-Flex Solutions Limited,EQ,28-JUN-2002,5,1,INE881D01027,5
IBREALEST,Indiabulls Real Estate Limited,EQ,23-MAR-2007,2,1,INE069I01010,2
ICI,ICI India Ltd.,EQ,28-JUN-2001,10,1,INE133A01011,10
ICICIBANK,ICICI Bank Ltd,EQ,17-SEP-1997,10,1,INE090A01013,10
ICIL,Indo Count Industries Ltd,EQ,12-SEP-2005,10,1,INE483B01018,10
ICRA,ICRA Limited,EQ,13-APR-2007,10,1,INE725G01011,10
ICSA,ICSA (India) Limited,EQ,28-SEP-2006,10,1,INE306B01011,10
IDBI,Industrial Development Bank of India Limited,EQ,20-SEP-1995,10,1,INE008A01015,10
IDEA,Idea Cellular Limited,EQ,09-MAR-2007,10,1,INE669E01016,10
IDFC,Infrastructure Development Finance Company Limited,EQ,12-AUG-2005,10,1,INE043D01016,10
IFBAGRO,IFB Agro Industries Ltd,EQ,03-APR-1996,10,1,INE076C01018,10
IFCI,IFCI Limited,EQ,26-APR-1995,10,1,INE039A01010,10
IFGLREFRAC,IFGL Refractories Ltd,EQ,08-JAN-2004,10,1,INE023B01012,10
IGARASHI,Igarashi Motors India Limited,EQ,09-OCT-2003,10,1,INE188B01013,10
IGL,Indraprastha Gas Limited,EQ,26-DEC-2003,10,1,INE203G01019,10
IGPL,IG Petrochemicals Ltd.,EQ,29-JAN-2007,10,1,INE204A01010,10
IGS,iGate Global Solutions Limited,EQ,08-JUN-2000,4,1,INE177B01016,4
IILTD,Insecticides (India) Limited,EQ,30-MAY-2007,10,1,INE070I01018,10
IMPAL,India Motor Parts and Accessories Limited,EQ,07-OCT-2005,10,1,INE547E01014,10
IMPEXFERRO,Impex Ferro Tech Limited,EQ,03-FEB-2005,10,1,INE691G01015,10
INDHOTEL,Indian Hotels Co. Ltd.,EQ,03-JUL-1996,1,1,INE053A01029,1
INDIABULLS,Indiabulls Financial Services Limited,EQ,24-SEP-2004,2,1,INE894F01025,2
INDIACEM,India Cements Ltd.,EQ,31-MAY-2000,10,1,INE383A01012,10
INDIAFOILS,India Foils Ltd,EQ,15-FEB-1995,10,1,INE260A01012,10
INDIAGLYCO,India Glycols Ltd,EQ,01-JUL-2005,10,1,INE560A01015,10
INDIAINFO,India Infoline Limited,EQ,17-MAY-2005,10,1,INE530B01016,10
INDIANB,Indian Bank,EQ,01-MAR-2007,10,1,INE562A01011,10
INDIANCARD,Indian Card Clothing Co. Ltd.,EQ,08-JAN-1997,10,1,INE061A01014,10
INDIANHUME,Indian Hume Pipe Co. Ltd,EQ,30-AUG-1995,10,1,INE323C01022,10
INDLMETER,IMP Power Ltd,EQ,10-JAN-1996,10,1,INE065B01013,10
INDNIPPON,India Nippon Electricals Limited,EQ,07-MAY-1997,10,1,INE092B01017,10
INDOASIFU,Indo Asian Fusegear Limited,EQ,03-JAN-2007,10,1,INE076H01017,10
INDOCO,Indoco Remedies Limited,EQ,14-JAN-2005,10,1,INE873D01016,10
INDORAMA,Indo Rama Synthetics (India) Limited,EQ,20-JUN-2003,10,1,INE156A01020,10
INDOTECH,Indo Tech Transformers Limited,EQ,16-MAR-2006,10,1,INE332H01014,10
INDOWIND,Indowind Energy Limited,EQ,14-SEP-2007,10,1,INE227G01018,10
INDRAMEDCO,Indraprastha Medical Corporation Ltd.,EQ,17-APR-1997,10,1,INE681B01017,10
INDSWFTLAB,Ind-Swift Laboratories Ltd.,EQ,02-JUL-1997,10,1,INE915B01019,10
INDSWFTLTD,Ind-Swift Limited,EQ,18-OCT-2004,2,1,INE788B01028,2
INDUSFILA,Indus Fila Limited,EQ,08-MAR-2007,10,1,INE025I01012,10
INDUSINDBK,IndusInd Bank Limited,EQ,28-JAN-1998,10,1,INE095A01012,10
INFOMEDIA,Infomedia India Limited,EQ,12-OCT-2006,10,1,INE669A01022,10
INFOSYSTCH,Infosys Technologies Ltd.,EQ,08-FEB-1995,5,1,INE009A01021,5
INFOTECENT,Infotech Enterprises Ltd,EQ,30-SEP-1998,5,1,INE136B01020,5
INGERRAND,Ingersoll Rand (India) Ltd.,EQ,15-APR-1999,10,1,INE177A01018,10
INGVYSYABK,ING Vysya Bank Limited,EQ,01-MAY-1996,10,1,INE166A01011,10
INOXLEISUR,INOX Leisure Limited,EQ,23-FEB-2006,10,1,INE312H01016,10
INVSTSMART,IL&FS Investsmart Limited,EQ,27-JUL-2005,10,1,INE800B01013,10
IOB,Indian Overseas Bank,EQ,07-DEC-2000,10,1,INE565A01014,10
IOC,Indian Oil Corporation Ltd,EQ,24-JUL-1996,10,1,INE242A01010,10
IOLB,IOL Broadband Limited,EQ,19-JUL-2007,10,1,INE517C01011,10
IPCALAB,IPCA Laboratories Ltd.,EQ,08-FEB-1995,10,1,INE571A01012,10
ISMTLTD,ISMT Limited,EQ,28-AUG-2007,5,1,INE732F01019,5
ISPATIND,Ispat Industries Limited,EQ,20-APR-2006,10,1,INE136A01022,10
ITC,ITC Ltd.,EQ,23-AUG-1995,1,1,INE154A01025,1
ITDCEM,ITD Cementation India Limited,EQ,10-FEB-1999,10,1,INE686A01018,10
ITI,ITI Ltd.,EQ,15-SEP-2003,10,1,INE248A01017,10
IVC,IL&FS Investment Managers Limited,EQ,15-SEP-1999,10,1,INE050B01015,10
IVP,IVP Ltd.,EQ,13-SEP-1995,10,1,INE043C01018,10
IVRCLINFRA,IVRCL Infrastructures & Projects Ltd.,EQ,08-MAR-2000,2,1,INE875A01025,2
IVRPRIME,IVR Prime Urban Developers Limited,EQ,16-AUG-2007,10,1,INE414I01018,10
J&KBANK,The Jammu & Kashmir Bank Ltd.,EQ,22-JUL-1998,10,1,INE168A01017,10
JAGRAN,Jagran Prakashan Limited,EQ,22-FEB-2006,10,1,INE199G01019,10
JAGSNPHARM,Jagsonpal Pharmaceuticals Ltd.,EQ,01-MAR-2000,5,1,INE048B01027,5
JAIBALAJI,Jai Balaji Industries Limited,EQ,09-DEC-2003,10,1,INE091G01018,10
JAINSTUDIO,Jain Studios Limited,EQ,19-NOV-1997,10,1,INE486B01011,10
JAYAGROGN,Jayant Agro Organics Ltd.,EQ,17-APR-1996,5,1,INE785A01026,5
JAYBARMARU,Jay Bharat Maruti Ltd,EQ,03-JAN-1996,5,1,INE571B01028,5
JAYSREETEA,Jayshree Tea & Industries Ltd,EQ,15-FEB-1995,10,1,INE364A01012,10
JBCHEPHARM,JB Chemicals & Pharmaceuticals Ltd.,EQ,29-APR-2003,2,1,INE572A01028,2
JBFIND,JBF Industries Ltd.,EQ,25-FEB-2004,10,1,INE187A01017,10
JBMA,JBM Auto Limited,EQ,17-DEC-2004,10,1,INE927D01010,10
JETAIRWAYS,Jet Airways (India) Ltd.,EQ,14-MAR-2005,10,1,INE802G01018,10
JHS,JHS Svendgaard Laboratories Limited,EQ,21-OCT-2006,10,1,INE544H01014,10
JINDALPHOT,Jindal Photo Limited,EQ,07-APR-2005,10,1,INE796G01012,10
JINDALSAW,Jindal Saw Limited,EQ,29-APR-2003,10,1,INE324A01016,10
JINDALSTEL,Jindal Steel & Power Ltd.,EQ,29-DEC-1999,5,1,INE749A01022,5
JINDALSWHL,Jindal South West Holdings Limited,EQ,21-JUN-2005,10,1,INE824G01012,10
JINDRILL,Jindal Drilling And Industries Limited,EQ,22-DEC-2006,10,1,INE742C01023,10
JISLJALEQS,Jain Irrigation Systems Limited,EQ,13-AUG-2001,10,1,INE175A01020,10
JKCEMENT,JK Cement Limited,EQ,14-MAR-2006,10,1,INE823G01014,10
JKLAKSHMI,JK Lakshmi Cement Limited,EQ,19-JUN-2006,10,1,INE786A01024,10
JKPAPER,JK Paper Limited,EQ,16-JUN-2005,10,1,INE789E01012,10
JKTYRE,JK Tyre & Industries Limited,EQ,19-MAR-2007,10,1,INE573A01034,10
JMFINANCIL,JM Financial Limited,EQ,10-OCT-2006,10,1,INE780C01015,10
JMTAUTOLTD,JMT Auto Limited,EQ,02-APR-2007,10,1,INE988E01010,10
JPASSOCIAT,Jaiprakash Associates Limited,EQ,14-JUN-2004,10,1,INE455F01017,10
JPHYDRO,Jaiprakash Hydro-Power Limited,EQ,18-APR-2005,10,1,INE351F01018,10
JSTAINLESS,Jindal Stainless Limited,EQ,17-NOV-2003,2,1,INE220G01021,2
JSWSTEEL,JSW Steel Limited,EQ,23-MAR-2005,10,1,INE019A01020,10
JUBILANT,Jubilant Organosys Limited,EQ,16-JUN-2003,1,1,INE700A01033,1
JUNIORBEES,Benchmark Mutual Fund-Nifty Junior Benchmark ETF,EQ,06-MAR-2003,1.25,1,INF732E01045,1.25
JYOTISTRUC,Jyoti Structures Ltd,EQ,19-JUL-1995,2,1,INE197A01024,2
KABRAEXTRU,Kabra Extrusion Technik Ltd,EQ,06-SEP-1995,10,1,INE900B01011,10
KAJARIACER,Kajaria Ceramics Ltd,EQ,01-JUN-2004,2,1,INE217B01028,2
KAKATCEM,Kakatiya Cement Sugar & Industries Ltd,EQ,13-DEC-1995,10,1,INE437B01014,10
KALECONSUL,Kale Consultants Limited,EQ,01-DEC-1999,10,1,INE793A01012,10
KALINDEE,Kalindee Rail Nirman (Engineers) Limited,EQ,08-JUN-2007,10,1,INE178D01010,10
KALPATPOWR,Kalpataru Power Transmission Ltd,EQ,15-DEC-2000,10,1,INE220B01014,10
KAMATHOTEL,Kamat Hotels (I) Ltd,EQ,29-MAY-1996,10,1,INE967C01018,10
KANORICHEM,Kanoria Chemicals & Industries Ltd,EQ,08-FEB-1995,10,1,INE138C01016,10
KANSAINER,Kansai Nerolac Paints Limited,EQ,15-SEP-2003,10,1,INE531A01016,10
KARURVYSYA,Karur Vysya Bank Ltd,EQ,26-JUL-2000,10,1,INE036D01010,10
KBL,Kirloskar Brothers Limited,EQ,07-APR-2006,2,1,INE732A01028,2
KCP,KCP Ltd,EQ,09-APR-1997,10,1,INE805C01010,10
KCPSUGIND,KCP Sugar and Industries Corporation Ltd.,EQ,11-JUN-1997,1,1,INE790B01024,1
KEC,KEC International Limited,EQ,10-MAR-2006,10,1,INE389H01014,10
KECINFRA,KEC Infrastructures Limited,EQ,08-FEB-1995,10,1,INE852A01016,10
KEI,KEI Industries Limited,EQ,23-MAR-2006,2,1,INE878B01027,2
KESARENT,Kesar Enterprises Ltd.,EQ,02-JAN-2007,10,1,INE133B01019,10
KESORAMIND,Kesoram Industries Ltd.,EQ,06-SEP-1995,10,1,INE087A01019,10
KEYCORPSER,Keynote Corp. Serv. Ltd.,EQ,26-JUN-1996,10,1,INE681C01015,10
KHAITANELE,Khaitan Electricals Limited,EQ,28-JUN-2000,10,1,INE761A01019,10
KHANDSE,Khandwala Securities Limited,EQ,07-FEB-2001,10,1,INE060B01014,10
KIL,Kamdhenu Ispat Limited,EQ,09-MAY-2006,10,1,INE390H01012,10
KIRLOSOIL,Kirloskar Oil Engines Ltd.,EQ,26-NOV-1998,2,1,INE250A01021,2
KKCL,Kewal Kiran Clothing Limited,EQ,13-APR-2006,10,1,INE401H01017,10
KLGSYSTEL,KLG Systel Ltd.,EQ,08-SEP-1999,10,1,INE799A01019,10
KMSUGAR,K.M.Sugar Mills Limited,EQ,31-MAY-2007,10,1,INE157H01015,10
KNL,Karuturi Networks Limited,EQ,03-MAY-2007,10,1,INE299C01016,10
KOHINOOR,Kohinoor Foods Limited,EQ,20-OCT-1999,10,1,INE080B01012,10
KOPRAN,Kopran Ltd.,EQ,09-JUN-1999,10,1,INE082A01010,10
KOTAKBANK,Kotak Mahindra Bank Limited,EQ,20-DEC-1995,10,1,INE237A01010,10
KOTAKGOLD,Kotak Mutual Fund - Gold Exchange Traded Fund,EQ,08-AUG-2007,100,1,INF373I01015,100
KOTARISUG,Kothari Sugars And Chemicals Limited,EQ,13-DEC-2004,10,1,INE419A01022,10
KOTHARIPRO,Kothari Products Ltd.,EQ,03-JUN-1998,10,1,INE823A01017,10
KPIT,KPIT Cummins Infosystems Limited,EQ,24-NOV-1999,2,1,INE836A01035,2
KPRMILL,K.P.R. Mill Limited,EQ,28-AUG-2007,10,1,INE930H01015,10
KRBL,KRBL Limited,EQ,21-JAN-2002,10,1,INE001B01018,10
KSBPUMPS,KSB Pumps Ltd.,EQ,08-FEB-1995,10,1,INE999A01015,10
KSCL,Kaveri Seed Company Limited,EQ,04-OCT-2007,10,1,INE455I01011,10
KSERAPRO,K Sera Sera Productions Limited,EQ,05-OCT-2006,10,1,INE216D01018,10
KSOILS,K S Oils Limited,EQ,02-APR-2007,1,1,INE727D01022,1
KTKBANK,The Karnataka Bank Limited,EQ,10-MAY-2000,10,1,INE614B01018,10
LAKPRE,Lakshmi Precision Screws Limited,EQ,26-SEP-2006,10,1,INE651C01018,10
LAKSHMIEFL,Lakshmi Energy and Foods Limited,EQ,06-FEB-2007,2,1,INE992B01026,2
LAKSHVILAS,Lakshmi Vilas Bank Ltd,EQ,21-JUN-2000,10,1,INE694C01018,10
LANABS,LANXESS ABS Limited,EQ,29-MAR-1995,10,1,INE189B01011,10
LANCOIN,Lanco Industries Ltd,EQ,28-AUG-2007,10,1,INE943C01027,10
LAOPALA,La Opala RG Limited,EQ,16-MAR-2007,10,1,INE059D01012,10
LAXMIMACH,Lakshmi Machine Works Ltd.,EQ,29-MAR-1995,10,1,INE269B01029,10
LGBROS,LG Balakrishnan & Bros Ltd,EQ,10-JAN-1996,1,1,INE337A01026,1
LIBERTSHOE,Liberty Shoes Ltd,EQ,27-SEP-1995,10,1,INE557B01019,10
LICHSGFIN,LIC Housing Finance Ltd,EQ,29-JUL-1998,10,1,INE115A01018,10
LIQUIDBEES,Benchmark Asset Management Company Private Limited,EQ,16-JUL-2003,1000,1,INF732E01037,1000
LITL,Lanco Infratech Limited,EQ,27-NOV-2006,10,1,INE785C01030,10
LLOYDELENG,Lloyd Electric & Engineering Ltd,EQ,30-APR-1997,10,1,INE245C01019,10
LLOYDSTEEL,Lloyds Steel Industries Ltd.,EQ,17-JAN-1996,10,1,INE292A01015,10
LOGIXMICRO,Logix Microsystems Limited,EQ,05-FEB-2007,10,1,INE848A01014,10
LOKESHMACH,LOKESH MACHINES LIMITED,EQ,05-MAY-2006,10,1,INE397H01017,10
LOTTEINDIA,Lotte India Corporation Limited,EQ,16-OCT-1996,10,1,INE185A01011,10
LT,Larsen & Toubro Limited,EQ,23-JUN-2004,2,1,INE018A01030,2
LUMAXAUTO,Lumax Automotive Systems Limited,EQ,24-AUG-2004,10,1,INE547G01019,10
LUMAXIND,Lumax Industries Ltd,EQ,06-SEP-1995,10,1,INE162B01018,10
LUMAXTECH,Lumax Auto Technologies Limited,EQ,16-JAN-2007,10,1,INE872H01019,10
LUPIN,Lupin Limited,EQ,10-SEP-2001,10,1,INE326A01029,10
M&M,Mahindra & Mahindra Ltd.,EQ,03-JAN-1996,10,1,INE101A01018,10
M&MFIN,Mahindra & Mahindra Financial Services Limited,EQ,17-MAR-2006,10,1,INE774D01016,10
MACMILLAN,Macmillan India Limited,EQ,21-JAN-2002,10,1,INE943D01017,10
MADHUCON,Madhucon Projects Limited,EQ,05-OCT-2006,2,1,INE378D01024,2
MADRASCEM,Madras Cements Ltd.,EQ,09-APR-1997,10,1,INE331A01029,10
MAGMA,Magma Shrachi Finance Limited,EQ,27-APR-2004,10,1,INE511C01014,10
MAGNUM,Magnum Ventures Limited,EQ,20-SEP-2007,10,1,INE387I01016,10
MAHABANK,Bank of Maharashtra,EQ,12-APR-2004,10,1,INE457A01014,10
MAHINDFORG,Mahindra Forgings Limited,EQ,30-AUG-2007,10,1,INE536H01010,10
MAHINDUGIN,Mahindra Ugine Steel Co. Ltd,EQ,19-JUN-1996,10,1,INE850A01010,10
MAHSCOOTER,Maharashtra Scooters Ltd,EQ,08-FEB-1995,10,1,INE288A01013,10
MAHSEAMLES,Maharashtra Seamless Ltd,EQ,25-AUG-2004,5,1,INE271B01025,5
MALCO,The Madras Aluminium Co Ltd,EQ,12-APR-2007,10,1,INE223B01018,10
MALUPAPER,Malu Paper Mills Limited,EQ,05-APR-2006,10,1,INE383H01017,10
MALWACOTT,Malwa Cotton Spg. Mills Ltd,EQ,08-FEB-1995,10,1,INE272B01015,10
MANALIPETC,Manali Petrochemical Ltd,EQ,06-DEC-2006,5,1,INE201A01024,5
MANGALAM,Mangalam Drugs And Organics Limited,EQ,23-MAY-2005,10,1,INE584F01014,10
MANGLMCEM,Mangalam Cement Ltd,EQ,03-JAN-1996,10,1,INE347A01017,10
MANGTIMBER,Mangalam Timber Products Ltd,EQ,27-JUL-1995,10,1,INE805B01012,10
MANINDS,Man Industries (India) Ltd.,EQ,24-JUN-2005,10,1,INE993A01018,10
MANUGRAPH,Manugraph India Ltd.,EQ,14-SEP-2006,2,1,INE867A01022,2
MARALOVER,Maral Overseas Ltd,EQ,08-FEB-1995,10,1,INE882A01013,10
MARICO,Marico Limited,EQ,01-MAY-1996,1,1,INE196A01026,1
MARUTI,Maruti Udyog Limited,EQ,09-JUL-2003,5,1,INE585B01010,5
MASTEK,Mastek Ltd,EQ,10-MAY-1995,5,1,INE759A01021,5
MATRIXLABS,Matrix Laboratories Limited,EQ,22-JUN-2004,2,1,INE604D01023,2
MAWANA,Mawana Sugars Limited,EQ,22-AUG-2006,10,1,INE255G01019,10
MAX,Max India Ltd,EQ,17-MAY-2000,2,1,INE180A01020,2
MAXWELL,Maxwell Industries Limited,EQ,06-AUG-2007,2,1,INE450G01024,2
MBECL,Mcnally Bharat Engineering Company Limited,EQ,06-OCT-2006,10,1,INE748A01016,10
MCDHOLDING,McDowell Holdings Limited,EQ,30-MAY-2007,10,1,INE836H01014,10
MCDOWELL-N,United Spirits Limited,EQ,27-SEP-2001,10,1,INE854D01016,10
MCLEODRUSS,Mcleod Russel India Limited,EQ,29-JUL-2005,5,1,INE942G01012,5
MEGASOFT,Megasoft Limited,EQ,19-JUL-2007,10,1,INE933B01012,10
MEGH,Meghmani Organics Limited,EQ,28-JUN-2007,1,1,INE974H01013,1
MIC,MIC Electronics Limited,EQ,30-MAY-2007,10,1,INE287C01011,10
MICO,Motor Industries Co. Ltd.,EQ,12-MAY-2003,10,1,INE323A01026,10
MICRO,Micro Inks Limited,EQ,28-AUG-2000,10,1,INE056A01014,10
MICROTECH,Micro Technologies (India) Limited,EQ,27-SEP-2006,10,1,INE358B01012,10
MID-DAY,Mid-Day Multimedia Limited,EQ,04-APR-2001,10,1,INE747B01016,10
MINDAIND,Minda Industries Limited,EQ,02-FEB-2007,10,1,INE405E01015,10
MINDTREE,MindTree Consulting Limited,EQ,07-MAR-2007,10,1,INE018I01017,10
MIRCELECTR,MIRC Electronics Ltd.,EQ,24-MAY-2004,1,1,INE831A01028,1
MIRZAINT,Mirza International Limited,EQ,28-APR-1999,2,1,INE771A01026,2
MLL,Mercator Lines Limited,EQ,20-JUN-2005,1,1,INE934B01028,1
MMFL,MM Forgings Ltd.,EQ,20-DEC-2006,10,1,INE227C01017,10
MONNETISPA,Monnet Ispat Ltd,EQ,14-JUN-2004,10,1,INE743C01013,10
MONSANTO,Monsanto India Limited,EQ,19-JAN-2000,10,1,INE274B01011,10
MOREPENLAB,Morepen Laboratories Ltd,EQ,24-NOV-1999,2,1,INE083A01026,2
MORGANSTAN,Morgan Stanley,EQ,27-MAY-2004,10,1,INF063A01019,10
MOSERBAER,Moser-Baer (I) Ltd,EQ,02-MAY-2003,10,1,INE739A01015,10
MOTHERSUMI,Motherson Sumi Systems Ltd.,EQ,14-AUG-1996,1,1,INE775A01035,1
MOTILALOFS,Motilal Oswal Financial Services Limited,EQ,11-SEP-2007,5,1,INE338I01019,5
MOTOGENFIN,The Motor & General Finance Ltd,EQ,08-FEB-1995,10,1,INE861B01015,10
MPHASIS,MphasiS Limited,EQ,04-JUN-2004,10,1,INE356A01018,10
MRF,MRF Ltd.,EQ,18-SEP-1996,10,1,INE883A01011,10
MRO-TEK,MRO-TEK Limited,EQ,01-NOV-2000,5,1,INE398B01018,5
MRPL,Mangalore Refinery and Petrochemicals Ltd.,EQ,07-JAN-2005,10,1,INE103A01014,10
MSPL,MSP Steel & Power Limited,EQ,18-JUL-2005,10,1,INE752G01015,10
MTNL,Mahanagar Telephone Nigam Ltd.,EQ,17-FEB-1999,10,1,INE153A01019,10
MUDRA,Mudra Lifestyle Limited,EQ,09-MAR-2007,10,1,INE311H01018,10
MUKANDENGG,Mukand Engineers Limited,EQ,28-JUN-2000,10,1,INE022B01014,10
MUKANDLTD,Mukand Limited,EQ,23-FEB-2004,10,1,INE304A01026,10
MUKTAARTS,Mukta Arts Ltd.,EQ,12-SEP-2000,5,1,INE374B01019,5
MUNJALAU,Munjal Auto Industries Limited,EQ,19-JUL-2006,10,1,INE672B01024,10
MUNJALSHOW,Munjal Showa Ltd,EQ,12-MAY-2003,2,1,INE577A01027,2
MURLIIND,Murli Industries Limited,EQ,19-FEB-2007,10,1,INE806B01010,10
MURUDCERA,Murudeshwar Ceramics Ltd,EQ,28-MAY-2004,10,1,INE692B01014,10
MYSORECEM,Mysore Cements Ltd,EQ,15-MAR-1995,10,1,INE578A01017,10
NAGARCONST,Nagarjuna Construction Co. Ltd,EQ,14-OCT-2003,2,1,INE868B01028,2
NAGARFERT,Nagarjuna Fertiliser & Chemicals Ltd.,EQ,15-MAR-1995,10,1,INE580A01013,10
NAGPURENG,Jayaswals Neco Ltd,EQ,10-MAY-1995,10,1,INE854B01010,10
NAGREEKCAP,Nagreeka Capital & Infrastructure Limited,EQ,18-SEP-2007,5,1,INE245I01016,5
NAGREEKEXP,Nagreeka Exports Limited,EQ,18-JUN-2007,5,1,INE123B01028,5
NAHAREXPOT,Nahar Exports Limited,EQ,23-MAR-2007,5,1,INE308A01027,5
NAHARINDUS,Nahar Industrial Enterprises Limited,EQ,15-DEC-2005,10,1,INE289A01011,10
NAHARSPING,Nahar Spinning Mills Ltd.,EQ,23-MAR-2007,5,1,INE290A01027,5
NANDAN,Nandan Exim Limited,EQ,29-DEC-2005,1,1,INE875G01022,1
NATCOPHARM,Natco Pharma Limited,EQ,27-DEC-1995,10,1,INE987B01018,10
NATIONALUM,National Aluminium Company Limited,EQ,28-APR-1999,10,1,INE139A01026,10
NATNLSTEEL,NATIONAL STEEL AND AGRO INDUSTRIES LIMITED,EQ,26-SEP-2002,10,1,INE088B01015,10
NAUKRI,Info Edge (India) Limited,EQ,21-NOV-2006,10,1,INE663F01024,10
NAVINFLUOR,Navin Fluorine International Limited,EQ,01-JUN-2007,10,1,INE048G01018,10
NAVNETPUBL,Navneet Publications Ltd.,EQ,08-FEB-1995,2,1,INE060A01024,2
NBVENTURES,Nava Bharat Ventures Limited,EQ,03-APR-1996,2,1,INE725A01022,2
NCLIND,NCL Industries Limited,EQ,03-APR-2007,10,1,INE732C01016,10
NDTV,New Delhi Television Limited,EQ,19-MAY-2004,4,1,INE155G01029,4
NECLIFE,Nectar Lifesciences Limited,EQ,18-JUL-2005,10,1,INE023H01019,10
NELCAST,Nelcast Limited,EQ,27-JUN-2007,10,1,INE189I01016,10
NELCO,NELCO Limited,EQ,28-MAY-2003,10,1,INE045B01015,10
NEPCMICON,NEPC India Ltd,EQ,08-FEB-1995,10,1,INE588A01016,10
NETFINCO,Netflier Finco Limited,EQ,19-JUN-2007,10,1,INE068I01012,10
NETWORK18,Network 18 Fincap Limited,EQ,02-FEB-2007,5,1,INE870H01013,5
NEYVELILIG,Neyveli Lignite Corporation Limited,EQ,23-AUG-2000,10,1,INE589A01014,10
NFL,National Fertilizers Limited,EQ,28-DEC-2006,10,1,INE870D01012,10
NICCO,Nicco Corporation Limited,EQ,18-DEC-2006,2,1,INE241C01026,2
NICOLASPIR,Nicholas Piramal India Ltd.,EQ,08-FEB-1995,2,1,INE140A01024,2
NIFTYBEES,Benchmark Mutual Fund,EQ,08-JAN-2002,10,1,INF732E01011,10
NIITLTD,NIIT Limited,EQ,16-AUG-2004,2,1,INE161A01038,2
NIITTECH,NIIT Technologies Limited,EQ,30-AUG-2004,10,1,INE591G01017,10
NILKAMAL,Nilkamal Limited,EQ,01-NOV-1995,10,1,INE310A01015,10
NIPPOBATRY,Nippo Batteries Co. Limited,EQ,06-OCT-1999,10,1,INE567A01010,10
NIRMA,Nirma Ltd.,EQ,10-MAY-1995,5,1,INE091A01029,5
NITCO,Nitco Tiles Limited,EQ,21-MAR-2006,10,1,INE858F01012,10
NITINFIRE,Nitin Fire Protection Industries Limited,EQ,05-JUN-2007,10,1,INE489H01012,10
NITINSPIN,Nitin Spinners Limited,EQ,02-FEB-2006,10,1,INE229H01012,10
NOCIL,National Organic Chemical Industries Ltd.,EQ,17-JAN-1996,10,1,INE163A01018,10
NOIDATOLL,Noida Toll Bridge Company Ltd,EQ,06-DEC-2002,10,1,INE781B01015,10
NORBTEAEXP,Norben Tea & Exports Ltd.,EQ,26-JUN-1996,10,1,INE369C01017,10
NORTHGATE,Northgate Technologies Limited,EQ,03-APR-2007,10,1,INE217G01019,10
NOVOPANIND,Novopan Industries Limited,EQ,24-OCT-2000,10,1,INE460B01016,10
NRBBEARING,NRB Bearing Limited,EQ,08-MAR-2000,2,1,INE349A01021,2
NRC,NRC Ltd.,EQ,15-FEB-1995,10,1,INE953C01018,10
NSIL,Nalwa Sons Investments Limited,EQ,17-NOV-2003,10,1,INE023A01030,10
NTPC,NTPC Limited,EQ,05-NOV-2004,10,1,INE733E01010,10
NUCENT,Nucent Finance Limited,EQ,05-JAN-2005,2,1,INE980A01023,2
NUCLEUS,Nucleus Software Exports Limited,EQ,19-DEC-2002,10,1,INE096B01018,10
NUMERICPW,Numeric Power Systems Limited,EQ,09-MAY-2006,10,1,INE409B01013,10
OCL,OCL India Ltd.,EQ,15-SEP-2004,2,1,INE290B01025,2
OMAXAUTO,OMAX AUTOS LIMITED,EQ,20-FEB-2003,10,1,INE090B01011,10
OMAXE,Omaxe Limited,EQ,09-AUG-2007,10,1,INE800H01010,10
OMNITECH,Omnitech Infosolutions Limited,EQ,14-AUG-2007,10,1,INE810H01019,10
ONGC,Oil & Natural Gas Corpn Ltd,EQ,19-JUL-1995,10,1,INE213A01011,10
ONWARDTEC,Onward Technologies Ltd,EQ,07-MAR-2001,10,1,INE229A01017,10
OPTOCIRCUI,Opto Circuits (India) Limited,EQ,25-AUG-2003,10,1,INE808B01016,10
ORBITCORP,Orbit Corporation Limited,EQ,12-APR-2007,10,1,INE628H01015,10
ORCHIDCHEM,Orchid Chemicals & Pharmaceuticals Ltd,EQ,02-JUL-1997,10,1,INE191A01019,10
ORGINFO,ORG Informatics Limited,EQ,17-AUG-2007,10,1,INE686D01012,10
ORIENTABRA,Orient Abrasives Limited,EQ,15-DEC-2005,1,1,INE569C01020,1
ORIENTBANK,Oriental Bank of Commerce,EQ,02-JUL-1997,10,1,INE141A01014,10
ORIENTCERA,Orient Ceramics & Industrial Limited,EQ,14-FEB-2007,10,1,INE607D01018,10
ORIENTHOT,Oriental Hotels Ltd,EQ,27-AUG-1998,10,1,INE750A01012,10
ORIENTINFO,Orient Information Technology Limited,EQ,09-JUN-1999,10,1,INE067B01019,10
ORIENTPPR,Orient Paper & Industries Ltd,EQ,29-MAR-1995,10,1,INE592A01018,10
ORIENTPRES,Orient Press Ltd,EQ,08-FEB-1995,10,1,INE609C01016,10
OTL,Oriental Trimex Limited,EQ,07-MAR-2007,10,1,INE998H01012,10
OUDHSUG,Oudh Sugar Mills Ltd,EQ,29-MAR-1995,10,1,INE594A01014,10
PAEL,PAE Limited,EQ,12-APR-1995,10,1,INE766A01018,10
PAGEIND,Page Industries Limited,EQ,16-MAR-2007,10,1,INE761H01022,10
PANACEABIO,Panacea Biotec Ltd.,EQ,17-APR-1996,1,1,INE922B01023,1
PANORAMUNI,Panoramic Universal Limited,EQ,03-JAN-2007,5,1,INE194B01029,5
PANTALOONR,Pantaloon Retail (India) Ltd.,EQ,05-NOV-2001,2,1,INE623B01027,2
PAPERPROD,The Paper Products Limited,EQ,01-OCT-2004,2,1,INE275B01026,2
PARACABLES,Paramount Communications Ltd,EQ,03-JAN-2007,2,1,INE074B01023,2
PARADYNE,Paradyne Infotech Limited,EQ,10-NOV-2005,10,1,INE932G01013,10
PARAL,Parekh Aluminex Limited,EQ,21-NOV-2006,10,1,INE620C01013,10
PARSVNATH,Parsvnath Developers Limited,EQ,30-NOV-2006,10,1,INE561H01018,10
PATELENG,Patel Engineering Limited,EQ,24-FEB-2005,1,1,INE244B01030,1
PATNI,Patni Computer Systems Limited,EQ,25-FEB-2004,2,1,INE660F01012,2
PATSPINLTD,Patspin India Ltd,EQ,10-MAY-1995,10,1,INE790C01014,10
PAVCI,Panasonic AVC Networks India Co. Limited.,EQ,04-JUN-1997,10,1,INE071B01011,10
PBAINFRA,PBA Infrastructure Limited,EQ,24-NOV-2005,10,1,INE160H01019,10
PDUMJEAGRO,Pudumjee Agro Industries Ltd,EQ,19-JUL-1995,10,1,INE105C01015,10
PDUMJEPULP,Pudumjee Pulp & Paper Mills Ltd.,EQ,08-FEB-1995,10,1,INE606A01016,10
PEARLGLOBL,Pearl Global Ltd,EQ,10-MAY-1995,10,1,INE787B01012,10
PEARLPOLY,Pearl Polymers Ltd,EQ,11-OCT-1995,10,1,INE844A01013,10
PENINLAND,Peninsula Land Limited,EQ,08-FEB-1995,10,1,INE138A01010,10
PETRONENGG,Petron Engineering Construction Ltd.,EQ,27-DEC-1995,10,1,INE742A01019,10
PETRONET,Petronet LNG Limited,EQ,26-MAR-2004,10,1,INE347G01014,10
PFC,Power Finance Corporation Limited,EQ,23-FEB-2007,10,1,INE134E01011,10
PFIZER,Pfizer Ltd.,EQ,28-APR-1999,10,1,INE182A01018,10
PFOCUS,Prime Focus Limited,EQ,20-JUN-2006,10,1,INE367G01020,10
PGHH,Procter & Gamble Hygiene and Health Care Limited,EQ,07-JUL-2004,10,1,INE179A01014,10
PHILIPCARB,Phillips Carbon Black Ltd.,EQ,29-MAR-1995,10,1,INE602A01015,10
PHOENIXLMP,Phoenix Lamps Ltd,EQ,12-JAN-2004,10,1,INE455B01016,10
PHOENIXLTD,The Phoenix Mills Limited,EQ,23-APR-2007,10,1,INE211B01021,10
PIDILITIND,Pidilite Industries Ltd,EQ,29-MAR-1995,1,1,INE318A01026,1
PIONEEREMB,Pioneer Embroideries Limited,EQ,16-MAY-2006,10,1,INE156C01018,10
PIRAMYDRET,Piramyd Retail Limited,EQ,06-DEC-2005,10,1,INE034H01016,10
PITTILAM,Pitti Laminations Limited,EQ,02-FEB-2007,10,1,INE450D01013,10
PLASTIBLEN,Plastiblends India Limited,EQ,28-DEC-2006,10,1,INE083C01014,10
PLETHICO,Plethico Pharmaceuticals Limited,EQ,05-MAY-2006,10,1,INE491H01018,10
PNB,Punjab National Bank,EQ,24-APR-2002,10,1,INE160A01014,10
PNBGILTS,PNB Gilts Limited,EQ,18-SEP-2000,10,1,INE859A01011,10
PNC,Pritish Nandy Communications Ltd.,EQ,11-DEC-2000,10,1,INE392B01011,10
POCHIRAJU,Pochiraju Industries Limited,EQ,09-FEB-2007,10,1,INE332G01032,10
POLARIS,Polaris Software Lab Limited,EQ,24-NOV-1999,5,1,INE763A01023,5
POLYPLEX,Polyplex Corporation Ltd.,EQ,11-APR-2003,10,1,INE633B01018,10
PONNIERODE,Ponni Sugars (Erode) Limited,EQ,16-APR-2002,10,1,INE838E01017,10
POWERGRID,Power Grid Corporation of India Limited,EQ,05-OCT-2007,10,1,INE752E01010,10
PRAENG,Prajay Engineers Syndicate Limited,EQ,02-JAN-2007,10,1,INE505C01016,10
PRAJIND,Praj Industries Ltd,EQ,11-OCT-1995,2,1,INE074A01025,2
PRAKASH,Prakash Industries Ltd,EQ,10-MAY-1995,10,1,INE603A01013,10
PRATIBHA,Pratibha Industries Limited,EQ,16-MAR-2006,10,1,INE308H01014,10
PRECOT,Precot Meridian Limited,EQ,19-AUG-2005,10,1,INE283A01014,10
PRECWIRE,Precision Wires India Ltd,EQ,06-SEP-1995,10,1,INE372C01011,10
PREMIER,Premier Limited,EQ,03-APR-1996,10,1,INE342A01018,10
PRICOL,Pricol Limited,EQ,03-APR-1996,1,1,INE605A01026,1
PRIMESECU,Prime Securities Limited,EQ,17-JUN-2005,5,1,INE032B01021,5
PRISMCEM,Prism Cements Ltd,EQ,20-AUG-2003,10,1,INE010A01011,10
PRITHVI,Prithvi Information Solutions Limited,EQ,16-NOV-2005,10,1,INE700C01013,10
PROVOGUE,Provogue (India) Limited,EQ,07-JUL-2005,10,1,INE968G01017,10
PSL,PSL Limited,EQ,29-MAY-2003,10,1,INE474B01017,10
PSTL,Pyramid Saimira Theatre Limited,EQ,05-JAN-2007,10,1,INE165H01018,10
PTC,PTC India Limited,EQ,07-APR-2004,10,1,INE877F01012,10
PTL,PTL Enterprises Limited,EQ,29-JAN-2007,10,1,INE034D01023,10
PUNJABCHEM,Punjab Chemicals & Crop Protection Limited,EQ,08-MAR-2007,10,1,INE277B01014,10
PUNJABTRAC,Punjab Tractors Ltd.,EQ,14-JUN-1995,10,1,INE170A01013,10
PUNJLLOYD,Punj Lloyd Limited,EQ,06-JAN-2006,2,1,INE701B01021,2
PURVA,Puravankara Projects Limited,EQ,30-AUG-2007,5,1,INE323I01011,5
PVR,PVR Limited,EQ,04-JAN-2006,10,1,INE191H01014,10
QUINTEGRA,Quintegra Solutions Limited,EQ,20-DEC-2000,10,1,INE033B01011,10
RADAAN,Radaan Mediaworks India Limited,EQ,27-FEB-2003,2,1,INE874F01027,2
RADICO,Radico Khaitan Limited,EQ,18-JUN-2003,2,1,INE944F01028,2
RAINCALCIN,Rain Calcining Ltd,EQ,17-APR-1997,10,1,INE329A01015,10
RAIREKMOH,Raisaheb Reckhchand Mohota Spinning & Weaving Mills Ltd,EQ,10-APR-1996,10,100,INE313D01013,10
RAJESHEXPO,Rajesh Exports Ltd.,EQ,09-FEB-2000,2,1,INE343B01022,2
RAJRAYON,Raj Rayon Limited,EQ,04-JAN-2007,10,1,INE533D01016,10
RAJSREESUG,Rajshree Sugars & Chemicals Ltd,EQ,29-MAR-1995,10,1,INE562B01019,10
RAJTV,Raj Television Network Limited,EQ,16-MAR-2007,10,1,INE952H01019,10
RAJVIR,Rajvir Industries Limited,EQ,20-SEP-2005,10,1,INE011H01014,10
RALLIS,Rallis India Ltd.,EQ,01-APR-1999,10,1,INE613A01012,10
RAMANEWS,Rama Newsprint and Papers Limited,EQ,20-SEP-2006,10,1,INE278B01020,10
RAMCOIND,Ramco Industries Ltd,EQ,06-NOV-1996,10,1,INE614A01010,10
RAMCOSYS,Ramco Systems Limited,EQ,12-APR-2000,10,1,INE246B01019,10
RAMSARUP,Ramsarup Industries Limited,EQ,09-JUL-2007,10,1,INE005D01015,10
RANASUG,Rana Sugars Ltd,EQ,24-FEB-2005,10,1,INE625B01014,10
RANBAXY,Ranbaxy Laboratories Ltd,EQ,28-JUN-1995,5,1,INE015A01028,5
RANEBRAKE,Rane Brake Linings Limited,EQ,18-SEP-2003,10,1,INE413A01017,10
RANEHOLDIN,Rane Holdings Limited,EQ,24-SEP-1997,10,1,INE384A01010,10
RATNAMANI,Ratnamani Metals & Tubes Limited,EQ,09-MAY-2006,10,1,INE703B01019,10
RAYMOND,Raymond Ltd.,EQ,18-OCT-1995,10,1,INE301A01014,10
RCF,Rashtriya Chemicals and Fertilizers Ltd.,EQ,07-JAN-1998,10,1,INE027A01015,10
RCOM,Reliance Communications Limited,EQ,06-MAR-2006,5,1,INE330H01018,5
REDINGTON,Redington (India) Limited,EQ,15-FEB-2007,10,1,INE891D01018,10
REGENCERAM,Regency Ceramics Ltd.,EQ,05-JUN-1996,10,1,INE277C01012,10
REIAGRO,Rei Agro Limited,EQ,11-OCT-2004,10,1,INE385B01015,10
REL,Reliance Energy Limited,EQ,08-FEB-1995,10,1,INE036A01016,10
RELCAPITAL,Reliance Capital Limited,EQ,29-NOV-1995,10,1,INE013A01015,10
RELIANCE,Reliance Industries Ltd,EQ,29-NOV-1995,10,1,INE002A01018,10
RENUKA,Shree Renuka Sugars Limited,EQ,31-OCT-2005,10,1,INE087H01014,10
REPRO,Repro India Limited,EQ,22-DEC-2005,10,1,INE461B01014,10
REVATHI,Revathi Equipment Limited,EQ,11-AUG-2005,10,1,INE617A01013,10
REVL,Rane Engine Valves Limited,EQ,22-DEC-1999,10,1,INE385A01017,10
RICOAUTO,Rico Auto Industries Ltd,EQ,12-MAY-2003,1,1,INE209B01025,1
RIIL,Reliance Industrial Infrastructure Limited,EQ,29-NOV-1995,10,1,INE046A01015,10
RML,Rane (Madras) Limited,EQ,30-AUG-2005,10,1,INE050H01012,10
RNRL,Reliance Natural Resources Limited,EQ,01-MAR-2006,5,1,INE328H01012,5
ROHITFERRO,Rohit Ferro-Tech Limited,EQ,13-APR-2006,10,1,INE248H01012,10
ROHLTD,Royal Orchid Hotels Limited,EQ,06-FEB-2006,10,1,INE283H01019,10
ROLTA,Rolta India Ltd.,EQ,01-MAR-1995,10,1,INE293A01013,10
ROMAN,Roman Tarmat Limited,EQ,09-JUL-2007,10,1,INE924H01018,10
RPGCABLES,RPG Cables Ltd,EQ,17-MAY-1995,10,1,INE145A01015,10
RPGLS,RPG Life Sciences Limited,EQ,15-FEB-1995,10,1,INE629A01018,10
RPGTLTD,RPG Transmission Ltd,EQ,01-NOV-1995,10,1,INE621A01015,10
RPL,Reliance Petroleum Limited,EQ,11-MAY-2006,10,1,INE475H01011,10
RSSOFTWARE,R. S. Software (India) Limited,EQ,19-MAY-1999,10,1,INE165B01011,10
RSWM,RSWM Limited,EQ,15-FEB-1995,10,1,INE611A01016,10
RSYSTEMS,R Systems International Limited,EQ,26-APR-2006,10,1,INE411H01024,10
RUBYMILLS,The Ruby Mills Ltd,EQ,29-MAR-1995,10,1,INE301D01018,10
RUCHINFRA,Ruchi Infrastructure Ltd.,EQ,16-OCT-1996,1,1,INE413B01023,1
RUCHISOYA,Ruchi Soya Industries Ltd.,EQ,02-JAN-2003,10,1,INE619A01019,10
SABERORGAN,Sabero Organics Gujarat Ltd,EQ,08-JAN-1997,10,1,INE243A01018,10
SADBHAV,Sadbhav Engineering Limited,EQ,01-MAR-2006,10,1,INE226H01018,10
SAGCEM,Sagar Cements Ltd.,EQ,29-JAN-2007,10,1,INE229C01013,10
SAHPETRO,Sah Petroleums Limited,EQ,24-SEP-2004,5,1,INE586G01017,5
SAIL,Steel Authority of India Ltd.,EQ,06-JUL-1995,10,1,INE114A01011,10
SAKHTISUG,Sakthi Sugars Ltd.,EQ,06-SEP-1995,10,1,INE623A01011,10
SAKSOFT,Saksoft Limited,EQ,09-MAY-2005,10,1,INE667G01015,10
SAKUMA,Sakuma Exports Limited,EQ,08-MAR-2006,10,1,INE190H01016,10
SALORAINTL,Salora International Ltd.,EQ,15-FEB-1995,10,1,INE924A01013,10
SALSTEEL,S.A.L. Steel Limited,EQ,24-NOV-2004,10,1,INE658G01014,10
SAMBHAAV,Sambhaav Media Limited,EQ,05-JUN-1996,1,1,INE699B01027,1
SANDESH,The Sandesh Limited,EQ,26-NOV-2002,10,1,INE583B01015,10
SANGAMIND,Sangam (India) Ltd.,EQ,17-JUL-1996,10,1,INE495C01010,10
SANGHIIND,Sanghi Industries Limited,EQ,10-MAY-1995,10,1,INE999B01013,10
SANGHIPOLY,Sanghi Polyesters Ltd.,EQ,10-MAY-1995,10,1,INE146A01013,10
SANGHVIMOV,Sanghvi Movers Ltd.,EQ,24-JAN-2007,2,1,INE989A01024,2
SANWARIA,Sanwaria Agro Oils Limited,EQ,27-MAR-2006,2,1,INE890C01038,2
SAPL,South Asian Petrochem Limited,EQ,23-JUL-2007,10,1,INE801C01019,10
SARLAPOLY,Sarla Performance Fibers Limited,EQ,19-JAN-2007,10,1,INE453D01017,10
SASKEN,Sasken Communication Technologies Limited,EQ,09-SEP-2005,10,1,INE231F01020,10
SATHAISPAT,Sathavahana Ispat Ltd,EQ,27-DEC-2006,10,1,INE176C01016,10
SATYAMCOMP,Satyam Computer Services Ltd,EQ,01-DEC-1999,2,1,INE275A01028,2
SAVITACHEM,Savita Chemicals Ltd,EQ,28-JUN-1995,10,1,INE035D01012,10
SB&TINTL,SB&T International Ltd,EQ,06-NOV-1996,10,1,INE465B01015,10
SBBJ,State Bank of Bikaner and Jaipur,BT,31-DEC-2001,100,5,,100
SBIN,State Bank of India,EQ,01-MAR-1995,10,1,INE062A01012,10
SBT,State Bank of Travancore,BT,31-DEC-2001,100,5,,100
SCI,Shipping Corporation Of India Ltd.,EQ,13-AUG-1997,10,1,INE109A01011,10
SEAMECLTD,SEAMEC Limited,EQ,28-JUN-1995,10,1,INE497B01018,10
SELAN,Selan Exploration Technology Limited,EQ,26-SEP-2006,10,1,INE818A01017,10
SELMCL,SEL Manufacturing Company Limited,EQ,21-AUG-2007,10,1,INE105I01012,10
SESAGOA,Sesa Goa Ltd.,EQ,13-MAY-1998,10,1,INE205A01017,10
SESHAPAPER,Seshasayee Paper and Boards Ltd,EQ,29-MAR-1995,10,1,INE630A01016,10
SGL,Shivalik Global Limited,EQ,10-APR-2006,10,1,INE353H01010,10
SHAHALLOYS,Shah Alloys Limited,EQ,16-JUN-2005,10,1,INE640C01011,10
SHANTIGEAR,Shanthi Gears Ltd,EQ,17-JAN-1996,1,1,INE631A01022,1
SHARRESLTD,Sharyans Resources Ltd.,EQ,27-DEC-2006,10,1,INE559D01011,10
SHASUNCHEM,Shasun Chemicals and Drugs Ltd.,EQ,15-DEC-2000,2,1,INE317A01028,2
SHIV-VANI,Shiv-Vani Oil & Gas Exploration Services Limited,EQ,22-JUL-2005,10,1,INE756B01017,10
SHIVAMAUTO,Shivam Autotech Limited,EQ,21-NOV-2006,10,1,INE637H01016,10
SHIVTEX,Shiva Texyarn Limited,EQ,18-OCT-1995,10,1,INE705C01012,10
SHOPERSTOP,Shopper?s Stop Limited,EQ,23-MAY-2005,10,1,INE498B01016,10
SHREEASHTA,Shree Ashtavinayak Cine Vision Limited,EQ,10-JAN-2007,10,1,INE538H01016,10
SHREECEM,Shree Cements Ltd,EQ,26-APR-1995,10,1,INE070A01015,10
SHRENUJ,Shrenuj & Co Ltd,EQ,04-JUN-2004,2,1,INE633A01028,2
SHREYANIND,Shreyans Industries Ltd,EQ,06-NOV-1996,10,1,INE231C01019,10
SHREYAS,Shreyas Shipping & Logistics Limited,EQ,01-MAR-1995,10,1,INE757B01015,10
SHRINGAR,Shringar Cinemas Limited,EQ,29-APR-2005,10,1,INE886G01011,10
SHRIRAMCIT,Shriram City Union Finance Limited,EQ,04-APR-2005,10,1,INE722A01011,10
SHYAMTEL,Shyam Telecom Limited,EQ,06-NOV-2006,10,1,INE635A01023,10
SICAL,Sical Logistics Limited,EQ,28-APR-1999,10,1,INE075B01012,10
SIEMENS,Siemens Ltd,EQ,06-SEP-1995,2,1,INE003A01024,2
SILINV,SIL Investments Limited,EQ,22-MAY-1996,10,1,INE923A01015,10
SIMPLEX,Simplex Projects Limited,EQ,03-AUG-2007,10,1,INE898F01018,10
SIMPLEXINF,Simplex Infrastructures Limited,EQ,09-MAR-2004,2,1,INE059B01024,2
SINTEX,Sintex Industries Ltd.,EQ,05-NOV-1998,2,1,INE429C01027,2
SIRPAPER,The Sirpur Paper Mills Ltd,EQ,14-JUN-1995,10,1,INE202C01010,10
SIYSIL,Siyaram Silk Mills Ltd,EQ,29-JAN-2007,10,1,INE076B01010,10
SKFINDIA,SKF India Limited,EQ,27-JAN-1999,10,1,INE640A01023,10
SKMEGGPROD,SKM Egg Products Export (India) Ltd.,EQ,14-MAR-1997,10,1,INE411D01015,10
SKUMARSYNF,S. Kumars Nationwide Ltd,EQ,23-AUG-1995,10,1,INE772A01016,10
SMSPHARMA,SMS Pharmaceuticals Limited,EQ,28-FEB-2007,10,1,INE812G01017,10
SOBHA,Sobha Developers Limited,EQ,20-DEC-2006,10,1,INE671H01015,10
SOLAREX,Solar Explosives Limited,EQ,03-APR-2006,10,1,INE343H01011,10
SOMANYCERA,Somany Ceramics Limited,EQ,22-NOV-1995,10,1,INE355A01010,10
SOMATEX,Soma Textiles & Industries Ltd.,EQ,14-AUG-1996,10,1,INE314C01013,10
SONASTEER,Sona Koyo Steering Systems Ltd.,EQ,12-JAN-2004,2,1,INE643A01027,2
SONATSOFTW,Sonata Software Ltd,EQ,28-JUL-1999,1,1,INE269A01021,1
SOUTHBANK,The South Indian Bank Ltd.,EQ,08-DEC-1998,10,1,INE683A01015,10
SPARC,Sun Pharma Advanced Research Company Limited,EQ,18-JUL-2007,1,1,INE232I01014,1
SPENTEX,Spentex Industries Ltd,EQ,20-DEC-2006,10,1,INE376C01020,10
SPLIL,SPL Industries Limited,EQ,26-JUL-2005,10,1,INE978G01016,10
SPSL,Shree Precoated Steels Limited,EQ,26-SEP-2006,10,1,INE298G01019,10
SREINTFIN,SREI Infrastructure Finance Limited,EQ,20-DEC-1995,10,1,INE872A01014,10
SRF,SRF Ltd.,EQ,18-AUG-2003,10,1,INE647A01010,10
SRHHYPOLTD,Sree Rayalaseema Hi-Strength Hypo Limited,EQ,08-MAY-2007,10,1,INE917H01012,10
SRIADIKARI,Sri Adhikari Brothers Television Network Limited,EQ,09-JUN-1999,2,1,INE416A01028,2
SRTRANSFIN,Shriram Transport Finance Co. Ltd.,EQ,11-DEC-1996,10,1,INE721A01013,10
SSWL,Steel Strips Wheels Limited,EQ,06-JUN-2005,10,1,INE802C01017,10
STAR,Strides Arcolab Limited,EQ,02-FEB-2000,10,1,INE939A01011,10
STARPAPER,Star Paper Mills Ltd,EQ,13-SEP-1995,10,1,INE733A01018,10
STCINDIA,The State Trading Corporation of India Limited,EQ,01-APR-2003,10,1,INE655A01013,10
STER,Sterlite Industries ( India ) Limited,EQ,28-MAY-2004,2,1,INE268A01031,2
STERLINBIO,Sterling Biotech Limited,EQ,12-MAY-2003,1,1,INE324C01038,1
STERTOOLS,Sterling Tools Ltd.,EQ,02-FEB-2006,10,1,INE334A01015,10
STINDIA,STI India Ltd,EQ,06-DEC-1995,10,1,INE090C01019,10
STROPTICAL,Sterlite Optical Technologies Limited,EQ,08-DEC-2000,5,1,INE089C01011,5
SUBEX,Subex Azure Limited,EQ,05-SEP-2003,10,1,INE754A01014,10
SUBHASPROJ,Subhash Projects & Marketing Ltd,EQ,14-FEB-1996,2,1,INE937A01023,2
SUBROS,Subros Ltd,EQ,13-JUL-2005,10,1,INE287B01013,10
SUDARSCHEM,Sudarshan Chemical Industries Ltd,EQ,25-MAY-1995,10,1,INE659A01015,10
SUNDARMFIN,Sundaram Finance Ltd.,EQ,07-JAN-1998,10,1,INE660A01013,10
SUNDRMBRAK,Sundaram Brake Linings Ltd.,EQ,17-JUL-1996,10,1,INE073D01013,10
SUNDRMCLAY,Sundaram Clayton Ltd,EQ,19-NOV-1997,10,1,INE105A01019,10
SUNDRMFAST,Sundaram Fasteners Ltd,EQ,07-JUN-2000,1,1,INE387A01021,1
SUNFLAG,Sunflag Iron And Steel Company Limited,EQ,29-SEP-2005,10,1,INE947A01014,10
SUNILHITEC,SUNIL HITECH ENGR. LTD,EQ,02-MAR-2006,10,1,INE305H01010,10
SUNPHARMA,Sun Pharmaceuticals Industries Ltd,EQ,08-FEB-1995,5,1,INE044A01028,5
SUNTV,Sun TV Network Limited,EQ,24-APR-2006,5,1,INE424H01027,5
SUPERSPIN,Super Spinning Mills Ltd,EQ,08-JUL-2004,1,1,INE662A01027,1
SUPPETRO,Supreme Petrochem Ltd,EQ,13-OCT-1999,10,1,INE663A01017,10
SUPRAJIT,Suprajit Engineering Limited,EQ,18-FEB-2005,5,1,INE399C01022,5
SUPREMEIND,Supreme Industries Ltd,EQ,19-JUL-1995,10,1,INE195A01010,10
SUPREMYARN,Supreme Yarns Limited,EQ,14-MAR-2007,5,1,INE651G01027,5
SURAJDIAMN,Su-Raj Diamonds (India) Ltd.,EQ,10-NOV-2003,10,1,INE664A01015,10
SURANAIND,Surana Industries Limited,EQ,28-DEC-2006,10,1,INE659D01019,10
SURANATELE,Surana Telecom Ltd.,EQ,22-MAY-2002,5,1,INE130B01023,5
SURYAJYOTI,Suryajyoti Spinning Mills Limied,EQ,02-MAR-2006,10,1,INE411C01017,10
SURYALAXMI,Suryalakshmi Cotton Mills Limited,EQ,15-JUN-2005,10,1,INE713B01026,10
SURYAPHARM,Surya Pharmaceutical Limited,EQ,21-JAN-2004,10,1,INE249G01012,10
SURYAROSNI,Surya Roshni Ltd,EQ,10-MAY-1995,10,1,INE335A01012,10
SUTLEJTEX,Sutlej Textiles and Industries Limited,EQ,14-DEC-2006,10,1,INE645H01019,10
SUVEN,Suven Life Sciences Limited,EQ,23-OCT-2003,1,1,INE495B01038,1
SUZLON,Suzlon Energy Limited,EQ,19-OCT-2005,10,1,INE040H01013,10
SWARAJENG,Swaraj Engines Ltd,EQ,06-DEC-1995,10,1,INE277A01016,10
SWARAJMAZD,Swaraj Mazda Ltd,EQ,29-AUG-2003,10,1,INE294B01019,10
SYNDIBANK,Syndicate Bank,EQ,22-DEC-1999,10,1,INE667A01018,10
TAINWALCHM,Tainwala Chemical and Plastic (I) Ltd,EQ,27-JUL-1995,10,1,INE123C01018,10
TAJGVK,Taj GVK Hotels & Resorts Limited,EQ,20-DEC-2000,2,1,INE586B01026,2
TAKE,Take Solutions Limited,EQ,27-AUG-2007,10,1,INE142I01015,10
TALBROAUTO,Talbros Automotive Componets Limited,EQ,29-SEP-2006,10,1,INE187D01011,10
TANLA,Tanla Solutions Limited,EQ,05-JAN-2007,2,1,INE483C01024,2
TATACHEM,Tata Chemicals Ltd.,EQ,01-APR-1999,10,1,INE092A01019,10
TATACOFFEE,Tata Coffee Limited,EQ,16-FEB-2000,10,1,INE493A01019,10
TATAELXSI,Tata Elxsi (India) Ltd,EQ,17-SEP-2003,10,1,INE670A01012,10
TATAINVEST,Tata Investment Corporation Ltd.,EQ,24-JUN-1998,10,1,INE672A01018,10
TATAMETALI,Tata Metaliks Ltd,EQ,27-MAY-2003,10,1,INE056C01010,10
TATAMOTORS,Tata Motors Limited,EQ,22-JUL-1998,10,1,INE155A01014,10
TATAPOWER,Tata Power Co. Ltd.,EQ,03-APR-1996,10,1,INE245A01013,10
TATASPONGE,Tata Sponge Iron Ltd.,EQ,24-FEB-2003,10,1,INE674A01014,10
TATASTEEL,Tata Steel Limited,EQ,18-NOV-1998,10,1,INE081A01012,10
TATATEA,Tata Tea Ltd,EQ,18-NOV-1998,10,1,INE192A01017,10
TCI,Transport Corporation of India Limited,EQ,21-JAN-2002,2,1,INE688A01022,2
TCS,Tata Consultancy Services Limited,EQ,25-AUG-2004,1,1,INE467B01029,1
TECHM,Tech Mahindra Limited,EQ,28-AUG-2006,10,1,INE669C01028,10
TECHNOELEC,Techno Electric and Engineering Co Ltd,EQ,02-APR-2007,2,1,INE470B01023,2
TELEDATAIN,Teledata Informatics Limited,EQ,28-OCT-2004,10,1,INE480B01014,10
TEXMACOLTD,Texmaco Limited,EQ,09-SEP-2004,10,1,INE435C01016,10
TFCILTD,Tourism Finance Corpn of India Ltd,EQ,26-JUL-2000,10,1,INE305A01015,10
TFL,Transwarranty Finance Limited,EQ,26-FEB-2007,10,1,INE804H01012,10
THEMISMED,Themis Medicare Limited,EQ,02-APR-2007,10,1,INE083B01016,10
THERMAX,Thermax Ltd,EQ,30-AUG-1995,2,1,INE152A01029,2
THIRUSUGAR,Thiru Arooran Sugars Limited,EQ,02-MAY-1995,10,1,INE409A01015,10
THOMASCOOK,Thomas Cook  (India)  Ltd,EQ,07-JUN-2000,1,1,INE332A01027,1
TIIL,Technocraft Industries (India) Limited,EQ,12-FEB-2007,10,1,INE545H01011,10
TIL,TIL Ltd,EQ,27-SEP-1995,10,1,INE806C01018,10
TIMESGTY,TIMES GUARANTY LIMITED,EQ,11-JUN-2002,10,1,INE289C01025,10
TIMETECHNO,Time Technoplast Limited,EQ,13-JUN-2007,10,1,INE508G01011,10
TIMKEN,Timken India Limited,EQ,06-FEB-2007,10,1,INE325A01013,10
TINPLATE,The Tinplate Company of India Limited,EQ,27-JAN-2006,10,1,INE422C01014,10
TIPSINDLTD,TIPS Industries Limited,EQ,10-NOV-2000,10,1,INE716B01011,10
TIRUMALCHM,Thirumalai Chemicals Ltd,EQ,14-MAY-2003,10,1,INE338A01016,10
TITAN,Titan Industries Ltd.,EQ,24-SEP-2004,10,1,INE280A01010,10
TNPL,Tamil Nadu Newsprint & Papers Ltd,EQ,14-FEB-1996,10,1,INE107A01015,10
TODAYS,Todays Writing Products Limited,EQ,08-OCT-2001,10,1,INE944B01019,10
TOKYOPLAST,Tokyo Plast International Ltd,EQ,11-OCT-1995,10,1,INE932C01012,10
TORNTPHARM,Torrent Pharmaceuticals Ltd.,EQ,25-NOV-2002,5,1,INE685A01028,5
TORNTPOWER,Torrent Power Limited,EQ,28-NOV-2006,10,1,INE813H01021,10
TRENT,Trent Ltd.,EQ,07-JUN-2004,10,1,INE849A01012,10
TRICOM,Tricom India Limited,EQ,20-DEC-2006,10,1,INE771B01024,10
TRIGYN,Trigyn Technologies Limited,EQ,09-APR-1998,10,1,INE948A01012,10
TRIVENI,Triveni Engineering & Industries Limited,EQ,13-DEC-2005,1,1,INE256C01024,1
TTKPRESTIG,TTK Prestige Ltd.,EQ,22-DEC-1999,10,1,INE690A01010,10
TTL,T T Limited,EQ,22-FEB-2007,10,1,INE592B01016,10
TTML,Tata Teleservices (Maharashtra) Limited,EQ,20-OCT-2000,10,1,INE517B01013,10
TUBEINVEST,Tube Investments of India Ltd,EQ,10-MAY-1995,2,1,INE149A01025,2
TULIP,Tulip IT Services Limited,EQ,05-JAN-2006,10,1,INE122H01019,10
TV-18,Television Eighteen India Ltd.,EQ,27-DEC-2006,5,1,INE889A01026,5
TVSELECT,TVS Electronics Limited,EQ,26-DEC-2003,10,1,INE236G01019,10
TVSMOTOR,TVS Motor Company Limited,EQ,02-AUG-2000,1,1,INE494B01023,1
TVSSRICHAK,TVS Srichakra Ltd,EQ,13-FEB-2007,10,1,INE421C01016,10
TVTODAY,TV Today Network Limited,EQ,16-JAN-2004,5,1,INE038F01029,5
UCALFUEL,Ucal Fuel Systems Ltd,EQ,13-SEP-1995,10,1,INE139B01016,10
UCOBANK,UCO Bank,EQ,09-OCT-2003,10,1,INE691A01018,10
UFLEX,UFLEX Limited,EQ,23-AUG-1995,10,1,INE516A01017,10
ULTRACEMCO,UltraTech Cement Limited,EQ,24-AUG-2004,10,1,INE481G01011,10
UNICHEMLAB,Unichem Laboratories Ltd,EQ,07-FEB-2001,5,1,INE351A01027,5
UNIONBANK,Union Bank of India,EQ,24-SEP-2002,10,1,INE692A01016,10
UNIPHOS,United Phosphorous Limited,EQ,23-JAN-2004,2,1,INE628A01036,2
UNIPLY,Uniply Industries Limited,EQ,08-MAR-2007,10,1,INE950G01015,10
UNITECH,Unitech Ltd,EQ,08-SEP-1999,2,1,INE694A01020,2
UNITY,Unity Infraprojects Limited,EQ,12-JUN-2006,10,1,INE466H01010,10
UNIVCABLES,Universal Cables Ltd,EQ,17-MAY-1995,10,1,INE279A01012,10
UPERGANGES,Upper Ganges Sugar & Industries Ltd,EQ,29-MAR-1995,10,1,INE018B01012,10
USHAMART,Usha Martin Limited,EQ,11-OCT-2000,1,1,INE228A01035,1
UTISUNDER,UTI Mutual Fund,EQ,16-JUL-2003,100,1,INF789F01042,100
UTTAMSTL,Uttam Galva Steels Limited,EQ,25-MAY-1995,10,1,INE699A01011,10
UTTAMSUGAR,Uttam Sugar Mills Limited,EQ,10-APR-2006,10,1,INE786F01031,10
UTVSOF,UTV Software Communications Limited,EQ,17-MAR-2005,10,1,INE507B01022,10
VAIBHAVGEM,Vaibhav Gems Limited,EQ,05-APR-2004,10,1,INE884A01019,10
VAKRANSOFT,Vakrangee Softwares Limited,EQ,03-APR-2006,10,1,INE051B01013,10
VALECHAENG,Valecha Engineering Limited,EQ,11-SEP-2006,10,1,INE624C01015,10
VARDHACRLC,Vardhman Acrylics Limited,EQ,30-SEP-2003,10,1,INE116G01013,10
VARDMNPOLY,Vardhman Polytex Limited,EQ,12-MAY-2003,10,1,INE835A01011,10
VARUNSHIP,Varun Shipping Co. Ltd.,EQ,01-APR-2003,10,1,INE702A01013,10
VDOCONAPPL,Videocon Appliances Ltd.,EQ,31-JUL-1996,10,1,INE352A01017,10
VENKEYS,Venky's (India) Limited,EQ,28-JUL-2003,10,1,INE398A01010,10
VENUSREM,Venus Remedies Limited,EQ,20-DEC-2006,10,1,INE411B01019,10
VESUVIUS,Vesuvius India Ltd,EQ,04-OCT-2002,10,1,INE386A01015,10
VHL,Vardhman Holdings Limited,EQ,30-JUN-2005,10,1,INE701A01023,10
VICEROY,Viceroy Hotels Limited,EQ,21-AUG-2007,10,1,INE048C01017,10
VIDEOIND,Videocon Industries Limited,EQ,31-JUL-1996,10,1,INE703A01011,10
VIJAYABANK,Vijaya Bank,EQ,10-JAN-2001,10,1,INE705A01016,10
VIKASHMET,Vikash Metal & Power Limited,EQ,28-NOV-2005,10,1,INE158H01013,10
VIMTALABS,Vimta Labs Limited,EQ,15-DEC-2005,2,1,INE579C01029,2
VINDHYATEL,Vindhya Telelinks Ltd.,EQ,08-FEB-1995,10,1,INE707A01012,10
VINYLCHEM,Vinyl Chemicals (India) Ltd.,EQ,25-MAY-1995,10,1,INE250B01011,10
VIPIND,VIP Industries Ltd.,EQ,02-MAR-2005,10,1,INE054A01019,10
VISAKAIND,Visaka Industries Ltd.,EQ,28-AUG-1996,10,1,INE392A01013,10
VISASTEEL,Visa Steel Limited,EQ,17-MAR-2006,10,1,INE286H01012,10
VISESHINFO,Visesh Infotecnics Limited,EQ,14-JAN-2000,10,1,INE861A01017,10
VISHALRET,Vishal Retail Limited,EQ,04-JUL-2007,10,1,INE945H01013,10
VISUINTL,Visu International Limited,EQ,29-DEC-2006,10,1,INE965A01016,10
VIVIMEDLAB,Vivimed Labs Limited,EQ,17-AUG-2005,10,1,INE526G01013,10
VLSFINANCE,VLS Finance Ltd.,EQ,25-MAY-1995,10,1,INE709A01018,10
VOLTAMP,Voltamp Transformers Limited,EQ,20-SEP-2006,10,1,INE540H01012,10
VOLTAS,Voltas Ltd.,EQ,12-APR-1995,1,1,INE226A01021,1
VSNL,Videsh Sanchar Nigam Ltd.,EQ,12-APR-1995,10,1,INE151A01013,10
VSTIND,VST Industries Ltd.,EQ,05-SEP-2003,10,1,INE710A01016,10
VTL,Vardhman Textiles Limited,EQ,14-JAN-2003,10,1,INE825A01012,10
WALCHANNAG,Walchandnagar Industries Ltd,EQ,18-SEP-1996,10,1,INE711A01014,10
WANBURY,Wanbury Limited,EQ,29-JAN-2007,10,1,INE107F01022,10
WEBELSOLAR,Webel-SL Energy Systems Limited,EQ,15-MAY-2007,10,1,INE855C01015,10
WELGUJ,Welspun Gujarat Stahl Rohren Limited,EQ,24-MAY-2005,5,1,INE191B01025,5
WELSPUNIND,Welspun India Limited,EQ,04-DEC-2003,10,1,INE192B01023,10
WENDT,Wendt (India) Ltd.,EQ,07-AUG-2006,10,1,INE274C01019,10
WHEELS,Wheels India Ltd,EQ,07-APR-2000,10,1,INE715A01015,10
WILLAMAGOR,Williamson Magor & Co Ltd,EQ,08-FEB-1995,10,1,INE210A01017,10
WINSOMYARN,Winsome Yarns Ltd,EQ,26-MAR-2002,10,1,INE784B01019,10
WIPRO,Wipro Ltd,EQ,08-NOV-1995,2,1,INE075A01022,2
WOCKPHARMA,Wockhardt Limited,EQ,23-FEB-2000,5,1,INE049B01025,5
WSTCSTPAPR,West Coast Paper Mills Ltd,EQ,17-JAN-2001,10,1,INE976A01013,10
WWIL,Wire and Wireless (India) Limited,EQ,10-JAN-2007,1,1,INE965H01011,1
WYETH,Wyeth Limited,EQ,08-JUL-1998,10,1,INE378A01012,10
XLTL,XL Telecom Limited,EQ,28-DEC-2006,10,1,INE183H01011,10
XPROINDIA,Xpro India Limited,EQ,27-APR-2004,10,1,INE445C01015,10
YESBANK,Yes Bank Limited,EQ,12-JUL-2005,10,1,INE528G01019,10
ZANDUPHARM,Zandu Pharmaceutical works Ltd.,EQ,03-FEB-1999,100,1,INE719A01017,100
ZEEL,Zee Entertainment Enterprises Ltd,EQ,09-SEP-1998,1,1,INE256A01028,1
ZEENEWS,Zee News Limited,EQ,10-JAN-2007,1,1,INE966H01019,1
ZENITHBIR,Zenith Birla (India) Limited,EQ,30-APR-2007,10,1,INE318D01020,10
ZENITHCOMP,Zenith Computers Limited,EQ,10-MAY-2000,10,1,INE598B01013,10
ZENITHEXPO,Zenith Exports Ltd.,EQ,10-JUL-1996,10,1,INE058B01018,10
ZENITHINFO,Zenith Infotech Ltd.,EQ,09-FEB-2000,10,1,INE899A01017,10
ZENSARTECH,Zensar Technologies Limited,EQ,09-JUL-2003,10,1,INE520A01019,10
ZICOM,Zicom Electronic Security Systems Limited,EQ,18-APR-2006,10,1,INE871B01014,10
ZODIACLOTH,Zodiac Clothing Company Ltd,EQ,27-SEP-1995,10,1,INE206B01013,10
ZODJRDMKJ,Zodiac JRD- MKJ Ltd,EQ,19-JUL-1995,10,1,INE077B01018,10
ZUARIAGRO,Zuari Industries Ltd.,EQ,12-APR-1995,10,1,INE217A01012,10
ZYLOG,Zylog Systems Limited,EQ,17-AUG-2007,10,1,INE225I01018,10
